"id","asset_id","time","payment","quantity","exchange_rate","fee"
"investment_asset_transaction_633_6fda3424","Bitcoin","2024-02-05 02:59:03","2000.0","0.05037537","39503.43193509","10.0"
"investment_asset_transaction_117_24e56ff8","iShares S&P 500 UCITS ETF USD (Acc)","2024-02-04 03:00:00","1000.0","2.05581859","481.5599999","10.0"
"investment_asset_transaction_634_3be61aed","Bitcoin","2024-01-29 02:58:03","2000.0","0.05133902","38761.93974875","10.0"
"investment_asset_transaction_118_3e4fb89d","iShares S&P 500 UCITS ETF USD (Acc)","2024-01-28 03:00:00","1000.0","2.09112224","473.429999","10.0"
"investment_asset_transaction_635_3dc66a33","Bitcoin","2024-01-21 22:42:59","2000.0","0.0520254","38250.54684827","10.0"
"investment_asset_transaction_119_3846ec6e","iShares S&P 500 UCITS ETF USD (Acc)","2024-01-21 03:00:00","1000.0","2.12884913","465.04000027","10.0"
"investment_asset_transaction_636_e5147eb0","Bitcoin","2024-01-15 02:59:00","2000.0","0.05211187","38187.07714768","10.0"
"investment_asset_transaction_120_d146fee8","iShares S&P 500 UCITS ETF USD (Acc)","2024-01-14 03:00:00","1000.0","2.16322517","457.65000044","10.0"
"investment_asset_transaction_637_55d55e33","Bitcoin","2024-01-08 02:58:04","2000.0","0.04956034","40153.07401039","10.0"
"investment_asset_transaction_121_f7d1aa86","iShares S&P 500 UCITS ETF USD (Acc)","2024-01-07 03:00:00","1000.0","2.19829022","450.34999974","10.0"
"investment_asset_transaction_638_6a7f7ef0","Bitcoin","2024-01-01 02:59:04","2000.0","0.05198168","38282.71806529","10.0"
"investment_asset_transaction_122_ecfbaab6","iShares S&P 500 UCITS ETF USD (Acc)","2023-12-31 03:00:00","1000.0","2.17965654","454.19999979","10.0"
"investment_asset_transaction_639_e9cbde45","Bitcoin","2023-12-25 02:59:04","2000.0","0.05096655","39045.21691188","10.0"
"investment_asset_transaction_123_3a409958","iShares S&P 500 UCITS ETF USD (Acc)","2023-12-24 03:00:00","1000.0","2.18398412","453.29999927","10.0"
"investment_asset_transaction_640_17fa3c71","Bitcoin","2023-12-18 02:59:04","2000.0","0.0524138","37967.10026749","10.0"
"investment_asset_transaction_124_e07d54b4","iShares S&P 500 UCITS ETF USD (Acc)","2023-12-17 03:00:00","1000.0","2.18273216","453.56000069","10.0"
"investment_asset_transaction_641_11c4ef57","Bitcoin","2023-12-11 02:59:04","2000.0","0.0489325","40668.26751137","10.0"
"investment_asset_transaction_125_7258f33b","iShares S&P 500 UCITS ETF USD (Acc)","2023-12-10 03:00:00","1000.0","2.2110059","447.75999919","10.0"
"investment_asset_transaction_642_f8ae3a73","Bitcoin","2023-12-04 02:59:05","2000.0","0.0541884","36723.72684929","10.0"
"investment_asset_transaction_126_54cd4cb0","iShares S&P 500 UCITS ETF USD (Acc)","2023-12-03 03:00:00","1000.0","2.24266038","441.44000083","10.0"
"investment_asset_transaction_643_a296813b","Bitcoin","2023-11-27 02:58:02","2000.0","0.05808725","34258.80894689","10.0"
"investment_asset_transaction_127_502c7163","iShares S&P 500 UCITS ETF USD (Acc)","2023-11-26 03:00:00","1000.0","2.27116311","435.90000015","10.0"
"investment_asset_transaction_644_d81e5fd4","Bitcoin","2023-11-20 02:58:05","2000.0","0.05805365","34278.63708828","10.0"
"investment_asset_transaction_128_a0c08f82","iShares S&P 500 UCITS ETF USD (Acc)","2023-11-19 03:00:00","1000.0","2.28605736","433.05999986","10.0"
"investment_asset_transaction_645_bfed9f4b","Bitcoin","2023-11-13 02:59:03","2000.0","0.05741252","34661.42924923","10.0"
"investment_asset_transaction_129_16eca637","iShares S&P 500 UCITS ETF USD (Acc)","2023-11-12 03:00:00","1000.0","2.30248622","429.96999999","10.0"
"investment_asset_transaction_646_42ba5173","Bitcoin","2023-11-06 02:58:05","2000.0","0.06093347","32658.57007651","10.0"
"investment_asset_transaction_130_01d127c6","iShares S&P 500 UCITS ETF USD (Acc)","2023-11-05 03:00:00","1000.0","2.3278781","425.2800007","10.0"
"investment_asset_transaction_647_12307571","Bitcoin","2023-10-30 02:59:05","2000.0","0.06086457","32695.54027902","10.0"
"investment_asset_transaction_131_a52ffe00","iShares S&P 500 UCITS ETF USD (Acc)","2023-10-29 04:00:00","1000.0","2.41428084","410.05999948","10.0"
"investment_asset_transaction_648_78fbe9c3","Bitcoin","2023-10-23 03:45:05","2000.0","0.07030808","28304.00147465","10.0"
"investment_asset_transaction_132_6721e6f4","iShares S&P 500 UCITS ETF USD (Acc)","2023-10-22 04:00:00","1000.0","2.36774132","418.1199997","10.0"
"investment_asset_transaction_649_a3aad6a5","Bitcoin","2023-10-16 03:59:04","2000.0","0.07710617","25808.57018316","10.0"
"investment_asset_transaction_133_1fad6b9f","iShares S&P 500 UCITS ETF USD (Acc)","2023-10-15 04:00:00","1000.0","2.29485396","431.40000072","10.0"
"investment_asset_transaction_650_0ec0cc1a","Bitcoin","2023-10-09 03:58:03","2000.0","0.07526071","26441.41943386","10.0"
"investment_asset_transaction_134_04f29422","iShares S&P 500 UCITS ETF USD (Acc)","2023-10-08 04:00:00","1000.0","2.33838014","423.37000005","10.0"
"investment_asset_transaction_651_3027af86","Bitcoin","2023-10-02 03:58:05","2000.0","0.07512845","26487.968273","10.0"
"investment_asset_transaction_135_c47e765d","iShares S&P 500 UCITS ETF USD (Acc)","2023-10-01 04:00:00","1000.0","2.32203589","426.34999927","10.0"
"investment_asset_transaction_652_ec568bf9","Bitcoin","2023-09-25 03:58:04","2000.0","0.08068407","24664.10036083","10.0"
"investment_asset_transaction_136_985078bb","iShares S&P 500 UCITS ETF USD (Acc)","2023-09-24 04:00:00","1000.0","2.32301664","426.16999937","10.0"
"investment_asset_transaction_653_95a983b0","Bitcoin","2023-09-18 03:59:05","2000.0","0.079999","24875.31094139","10.0"
"investment_asset_transaction_137_ee2f3150","iShares S&P 500 UCITS ETF USD (Acc)","2023-09-17 04:00:00","1000.0","2.26601662","436.88999951","10.0"
"investment_asset_transaction_654_23509e64","Bitcoin","2023-09-11 03:59:05","2000.0","0.08255275","24105.79901941","10.0"
"investment_asset_transaction_138_d3d3bbf5","iShares S&P 500 UCITS ETF USD (Acc)","2023-09-10 04:00:00","1000.0","2.2722578","435.68999961","10.0"
"investment_asset_transaction_655_68bddb51","Bitcoin","2023-09-04 03:58:03","2000.0","0.08266505","24073.05142863","10.0"
"investment_asset_transaction_139_67153c9f","iShares S&P 500 UCITS ETF USD (Acc)","2023-09-03 04:00:00","1000.0","2.26586103","436.91999946","10.0"
"investment_asset_transaction_656_8a8f6c67","Bitcoin","2023-08-28 03:59:00","2000.0","0.08236489","24160.78015766","10.0"
"investment_asset_transaction_140_08fe36fd","iShares S&P 500 UCITS ETF USD (Acc)","2023-08-27 04:00:00","1000.0","2.3277139","425.31000051","10.0"
"investment_asset_transaction_657_4a17bf64","Bitcoin","2023-08-21 03:43:05","2000.0","0.08260576","24090.32977846","10.0"
"investment_asset_transaction_141_d3e501be","iShares S&P 500 UCITS ETF USD (Acc)","2023-08-20 04:00:00","1000.0","2.36214836","419.11000036","10.0"
"investment_asset_transaction_658_edd1e17a","Bitcoin","2023-08-14 03:59:04","2000.0","0.07437515","26756.24855883","10.0"
"investment_asset_transaction_142_90635cb1","iShares S&P 500 UCITS ETF USD (Acc)","2023-08-13 04:00:00","1000.0","2.33050847","424.80000083","10.0"
"investment_asset_transaction_659_dbbf2a00","Bitcoin","2023-08-07 03:59:04","2000.0","0.07539055","26395.88118139","10.0"
"investment_asset_transaction_143_57e65438","iShares S&P 500 UCITS ETF USD (Acc)","2023-08-06 04:00:00","1000.0","2.31616873","427.42999989","10.0"
"investment_asset_transaction_660_abfb5e8b","Bitcoin","2023-07-31 03:59:04","2000.0","0.07493587","26556.04051838","10.0"
"investment_asset_transaction_144_7429501f","iShares S&P 500 UCITS ETF USD (Acc)","2023-07-30 04:00:00","1000.0","2.28363167","433.51999931","10.0"
"investment_asset_transaction_661_dd78dbce","Bitcoin","2023-07-24 03:58:04","2000.0","0.0736133","27033.15841023","10.0"
"investment_asset_transaction_145_6a105a28","iShares S&P 500 UCITS ETF USD (Acc)","2023-07-23 04:00:00","1000.0","2.32579993","425.66000077","10.0"
"investment_asset_transaction_662_3b7ac097","Bitcoin","2023-07-17 03:59:03","2000.0","0.07386023","26942.7809797","10.0"
"investment_asset_transaction_146_9af4a964","iShares S&P 500 UCITS ETF USD (Acc)","2023-07-16 04:00:00","1000.0","2.36666587","418.30999997","10.0"
"investment_asset_transaction_663_a95b30c6","Bitcoin","2023-07-10 03:58:25","2000.0","0.07234619","27506.63165538","10.0"
"investment_asset_transaction_147_0b3c36af","iShares S&P 500 UCITS ETF USD (Acc)","2023-07-09 04:00:00","1000.0","2.36508278","418.58999963","10.0"
"investment_asset_transaction_664_fbc9080e","Bitcoin","2023-07-03 03:59:27","2000.0","0.07088874","28072.15927381","10.0"
"investment_asset_transaction_148_924fbaa8","iShares S&P 500 UCITS ETF USD (Acc)","2023-07-02 04:00:00","1000.0","2.33920892","423.22000038","10.0"
"investment_asset_transaction_665_bbb1efab","Bitcoin","2023-06-26 03:58:30","2000.0","0.07123173","27936.98819332","10.0"
"investment_asset_transaction_149_bd4f8657","iShares S&P 500 UCITS ETF USD (Acc)","2023-06-25 04:00:00","1000.0","2.38221281","415.58000018","10.0"
"investment_asset_transaction_666_9f7e1c34","Bitcoin","2023-06-19 03:59:28","2000.0","0.0826596","24074.63863846","10.0"
"investment_asset_transaction_150_e6b254d6","iShares S&P 500 UCITS ETF USD (Acc)","2023-06-18 04:00:00","1000.0","2.35081804","421.1299995","10.0"
"investment_asset_transaction_667_b022db07","Bitcoin","2023-06-12 03:59:31","2000.0","0.08249194","24123.56892079","10.0"
"investment_asset_transaction_151_272679e6","iShares S&P 500 UCITS ETF USD (Acc)","2023-06-11 04:00:00","1000.0","2.37353153","417.09999951","10.0"
"investment_asset_transaction_668_068ed22e","Bitcoin","2023-06-05 03:59:27","2000.0","0.07851111","25346.73118238","10.0"
"investment_asset_transaction_152_5328384c","iShares S&P 500 UCITS ETF USD (Acc)","2023-06-04 04:00:00","1000.0","2.38026544","415.91999924","10.0"
"investment_asset_transaction_669_d4b0acd0","Bitcoin","2023-05-28 21:13:25","2000.0","0.07836191","25394.9910103","10.0"
"investment_asset_transaction_153_c4b48aae","iShares S&P 500 UCITS ETF USD (Acc)","2023-05-28 04:00:00","1000.0","2.42450959","408.32999964","10.0"
"investment_asset_transaction_670_a10097d2","Bitcoin","2023-05-22 03:58:31","2000.0","0.08048778","24724.25006628","10.0"
"investment_asset_transaction_154_448cfb7d","iShares S&P 500 UCITS ETF USD (Acc)","2023-05-21 04:00:00","1000.0","2.45566166","403.15000072","10.0"
"investment_asset_transaction_671_ed66af31","Bitcoin","2023-05-15 03:59:25","2000.0","0.08020487","24811.46094994","10.0"
"investment_asset_transaction_155_67d40f02","iShares S&P 500 UCITS ETF USD (Acc)","2023-05-14 04:00:00","1000.0","2.50645602","394.98000049","10.0"
"investment_asset_transaction_672_6c22ac3c","Bitcoin","2023-05-08 03:58:17","2000.0","0.07699251","25846.67002024","10.0"
"investment_asset_transaction_156_2b2624ea","iShares S&P 500 UCITS ETF USD (Acc)","2023-05-07 04:00:00","1000.0","2.54361399","389.20999959","10.0"
"investment_asset_transaction_673_52fe3eb2","Bitcoin","2023-05-01 03:59:17","2000.0","0.07480677","26601.87039221","10.0"
"investment_asset_transaction_157_993b7892","iShares S&P 500 UCITS ETF USD (Acc)","2023-04-30 04:00:00","1000.0","2.52563906","391.9800005","10.0"
"investment_asset_transaction_674_1541c0b7","Bitcoin","2023-04-23 19:30:31","2000.0","0.08049517","24721.98021322","10.0"
"investment_asset_transaction_158_e89fc9da","iShares S&P 500 UCITS ETF USD (Acc)","2023-04-23 04:00:00","1000.0","2.53865682","389.96999996","10.0"
"investment_asset_transaction_675_13cd18ef","Bitcoin","2023-04-17 03:59:26","2000.0","0.07210714","27597.82179684","10.0"
"investment_asset_transaction_159_ea3a7e0e","iShares S&P 500 UCITS ETF USD (Acc)","2023-04-16 04:00:00","1000.0","2.53061016","391.20999973","10.0"
"investment_asset_transaction_676_b83f29ed","Bitcoin","2023-04-10 03:58:26","2000.0","0.07661118","25975.32109543","10.0"
"investment_asset_transaction_160_62e30727","iShares S&P 500 UCITS ETF USD (Acc)","2023-04-09 04:00:00","1000.0","2.5357957","390.4100003","10.0"
"investment_asset_transaction_677_a2c0a2fb","Bitcoin","2023-04-03 03:59:24","2000.0","0.07622599","26106.58123299","10.0"
"investment_asset_transaction_161_13bfaea2","iShares S&P 500 UCITS ETF USD (Acc)","2023-04-02 04:00:00","1000.0","2.52615463","391.9000002","10.0"
"investment_asset_transaction_678_b5587846","Bitcoin","2023-03-27 03:44:24","2000.0","0.07644775","26030.85113689","10.0"
"investment_asset_transaction_162_fbf225e1","iShares S&P 500 UCITS ETF USD (Acc)","2023-03-26 04:00:00","1000.0","2.58857367","382.44999996","10.0"
"investment_asset_transaction_679_e2916bc5","Bitcoin","2023-03-20 02:59:25","2000.0","0.07585909","26232.84829807","10.0"
"investment_asset_transaction_163_3650b3de","iShares S&P 500 UCITS ETF USD (Acc)","2023-03-19 03:00:00","1000.0","2.60430368","380.13999965","10.0"
"investment_asset_transaction_680_bb9ca594","Bitcoin","2023-03-13 02:59:25","2000.0","0.09580093","20772.24093754","10.0"
"investment_asset_transaction_164_47ac2b1f","iShares S&P 500 UCITS ETF USD (Acc)","2023-03-12 03:00:00","1000.0","2.59951686","380.83999963","10.0"
"investment_asset_transaction_681_a184454b","Bitcoin","2023-03-06 02:59:28","2000.0","0.09424736","21114.64978966","10.0"
"investment_asset_transaction_165_fa65c5d7","iShares S&P 500 UCITS ETF USD (Acc)","2023-03-05 03:00:00","1000.0","2.51518","393.61000008","10.0"
"investment_asset_transaction_682_e086e85d","Bitcoin","2023-02-27 02:44:28","2000.0","0.08916362","22318.51959353","10.0"
"investment_asset_transaction_166_ae2b7001","iShares S&P 500 UCITS ETF USD (Acc)","2023-02-26 03:00:00","1000.0","2.53794094","390.07999926","10.0"
"investment_asset_transaction_683_040b5b3b","Bitcoin","2023-02-20 02:59:27","2000.0","0.08734916","22782.13093291","10.0"
"investment_asset_transaction_167_a32d3477","iShares S&P 500 UCITS ETF USD (Acc)","2023-02-19 03:00:00","1000.0","2.51052391","394.34000053","10.0"
"investment_asset_transaction_684_25d3d286","Bitcoin","2023-02-13 02:59:29","2000.0","0.09753965","20401.95961335","10.0"
"investment_asset_transaction_168_663fb717","iShares S&P 500 UCITS ETF USD (Acc)","2023-02-12 03:00:00","1000.0","2.50037885","395.93999925","10.0"
"investment_asset_transaction_685_c8c1f1db","Bitcoin","2023-02-06 02:58:21","2000.0","0.09352132","21278.57049066","10.0"
"investment_asset_transaction_169_dc3b1e14","iShares S&P 500 UCITS ETF USD (Acc)","2023-02-05 03:00:00","1000.0","2.4902528","397.54999974","10.0"
"investment_asset_transaction_686_4e70e6fa","Bitcoin","2023-01-30 02:58:24","2000.0","0.0909666","21876.16114046","10.0"
"investment_asset_transaction_170_1bdf7541","iShares S&P 500 UCITS ETF USD (Acc)","2023-01-29 03:00:00","1000.0","2.56390335","386.12999979","10.0"
"investment_asset_transaction_687_313e13af","Bitcoin","2023-01-23 02:59:24","2000.0","0.09515872","20912.42925504","10.0"
"investment_asset_transaction_171_9c137134","iShares S&P 500 UCITS ETF USD (Acc)","2023-01-22 03:00:00","1000.0","2.62794649","376.71999935","10.0"
"investment_asset_transaction_688_de2c6db4","Bitcoin","2023-01-16 02:58:24","2000.0","0.10319077","19284.6705185","10.0"
"investment_asset_transaction_172_1c1aaf5a","iShares S&P 500 UCITS ETF USD (Acc)","2023-01-15 03:00:00","1000.0","2.59787971","381.08000004","10.0"
"investment_asset_transaction_689_3d7972d2","Bitcoin","2023-01-09 02:44:24","2000.0","0.12433684","16004.91053175","10.0"
"investment_asset_transaction_173_9102c62e","iShares S&P 500 UCITS ETF USD (Acc)","2023-01-08 03:00:00","1000.0","2.62258603","377.48999982","10.0"
"investment_asset_transaction_690_9f0b34f9","Bitcoin","2023-01-02 02:59:23","2000.0","0.1281282","15531.3194129","10.0"
"investment_asset_transaction_174_e9b797f8","iShares S&P 500 UCITS ETF USD (Acc)","2023-01-01 03:00:00","1000.0","2.65508086","372.8699999","10.0"
"investment_asset_transaction_691_35002c92","Bitcoin","2022-12-26 02:45:10","2000.0","0.12563924","15839.00061796","10.0"
"investment_asset_transaction_175_c7a63e4e","iShares S&P 500 UCITS ETF USD (Acc)","2022-12-25 03:00:00","1000.0","2.65486726","372.89999953","10.0"
"investment_asset_transaction_692_15a1a8d7","Bitcoin","2022-12-19 02:45:18","2000.0","0.12549663","15856.99950668","10.0"
"investment_asset_transaction_176_1297dc66","iShares S&P 500 UCITS ETF USD (Acc)","2022-12-18 03:00:00","1000.0","2.64571474","374.19000054","10.0"
"investment_asset_transaction_693_4a3a7404","Bitcoin","2022-12-12 02:45:15","2000.0","0.12265779","16224.00012262","10.0"
"investment_asset_transaction_177_481ff6bb","iShares S&P 500 UCITS ETF USD (Acc)","2022-12-11 03:00:00","1000.0","2.54813137","388.52000005","10.0"
"investment_asset_transaction_694_0888ed49","Bitcoin","2022-12-05 02:45:17","2000.0","0.12257468","16235.00057271","10.0"
"investment_asset_transaction_178_9c3c78b2","iShares S&P 500 UCITS ETF USD (Acc)","2022-12-04 03:00:00","1000.0","2.49294923","397.12000071","10.0"
"investment_asset_transaction_695_7436c7d5","Bitcoin","2022-11-28 02:45:04","2000.0","0.12568686","15832.99956734","10.0"
"investment_asset_transaction_179_e3a3fd26","iShares S&P 500 UCITS ETF USD (Acc)","2022-11-27 03:00:00","1000.0","2.48338141","398.65000036","10.0"
"investment_asset_transaction_696_0f5117f5","Bitcoin","2022-11-21 02:45:44","2000.0","0.12659033","15720.00009795","10.0"
"investment_asset_transaction_180_2a3534d5","iShares S&P 500 UCITS ETF USD (Acc)","2022-11-20 03:00:00","1000.0","2.4975403","396.39000019","10.0"
"investment_asset_transaction_697_f2de936e","Bitcoin","2022-11-14 02:45:42","2000.0","0.12628506","15758.00019416","10.0"
"investment_asset_transaction_181_820db2f1","iShares S&P 500 UCITS ETF USD (Acc)","2022-11-13 03:00:00","1000.0","2.49407971","396.93999996","10.0"
"investment_asset_transaction_698_973d9c5f","Bitcoin","2022-11-07 02:45:18","2000.0","0.09445156","21069.00087198","10.0"
"investment_asset_transaction_182_8e3061bd","iShares S&P 500 UCITS ETF USD (Acc)","2022-11-06 03:00:00","1000.0","2.54067649","389.65999957","10.0"
"investment_asset_transaction_699_2e301b0b","Bitcoin","2022-10-31 02:59:59","2000.0","0.09604711","20718.99924943","10.0"
"investment_asset_transaction_183_c159868a","iShares S&P 500 UCITS ETF USD (Acc)","2022-10-30 04:00:00","1000.0","2.45901639","402.60000056","10.0"
"investment_asset_transaction_700_a6997321","Bitcoin","2022-10-24 03:45:32","2000.0","0.10039857","19820.99944252","10.0"
"investment_asset_transaction_184_09a001e3","iShares S&P 500 UCITS ETF USD (Acc)","2022-10-23 04:00:00","1000.0","2.52796078","391.61999974","10.0"
"investment_asset_transaction_701_18b092ae","Bitcoin","2022-10-17 03:45:19","2000.0","0.10073399","19755.00027349","10.0"
"investment_asset_transaction_185_109a507e","iShares S&P 500 UCITS ETF USD (Acc)","2022-10-16 04:00:00","1000.0","2.57156216","384.97999986","10.0"
"investment_asset_transaction_702_cb26cae5","Bitcoin","2022-10-10 03:46:02","2000.0","0.09962453","19975.000133","10.0"
"investment_asset_transaction_186_e715610a","iShares S&P 500 UCITS ETF USD (Acc)","2022-10-09 04:00:00","1000.0","2.5656974","385.86000048","10.0"
"investment_asset_transaction_703_0f56a499","Bitcoin","2022-10-03 03:45:44","2000.0","0.10241367","19430.99978743","10.0"
"investment_asset_transaction_187_f627508c","iShares S&P 500 UCITS ETF USD (Acc)","2022-10-02 04:00:00","1000.0","2.57423683","384.57999997","10.0"
"investment_asset_transaction_704_66239b7e","Bitcoin","2022-09-26 03:59:58","2000.0","0.10249807","19414.99971658","10.0"
"investment_asset_transaction_188_50b8cba2","iShares S&P 500 UCITS ETF USD (Acc)","2022-09-25 04:00:00","1000.0","2.5210084","392.70000052","10.0"
"investment_asset_transaction_705_c25af255","Bitcoin","2022-09-19 03:45:12","2000.0","0.10279988","19357.99925058","10.0"
"investment_asset_transaction_189_f58ec900","iShares S&P 500 UCITS ETF USD (Acc)","2022-09-18 04:00:00","1000.0","2.49345154","397.04000022","10.0"
"investment_asset_transaction_706_204f13f0","Bitcoin","2022-09-12 03:45:58","2000.0","0.09220647","21581.99961456","10.0"
"investment_asset_transaction_190_715e887a","iShares S&P 500 UCITS ETF USD (Acc)","2022-09-11 04:00:00","1000.0","2.37222342","417.33000006","10.0"
"investment_asset_transaction_707_2755b571","Bitcoin","2022-09-05 03:45:29","2000.0","0.09866138","20169.99964931","10.0"
"investment_asset_transaction_191_4be0af7e","iShares S&P 500 UCITS ETF USD (Acc)","2022-09-04 04:00:00","1000.0","2.41280983","410.30999944","10.0"
"investment_asset_transaction_192_9aa03de2","iShares S&P 500 UCITS ETF USD (Acc)","2022-08-28 04:00:00","1000.0","2.35910878","419.6500002","10.0"
"investment_asset_transaction_708_bb7eca51","Bitcoin","2022-08-28 04:00:00","2000.0","0.10079588","19742.87044272","10.0"
"investment_asset_transaction_193_46126b9e","iShares S&P 500 UCITS ETF USD (Acc)","2022-08-21 04:00:00","1000.0","2.29150753","432.03000079","10.0"
"investment_asset_transaction_709_92077515","Bitcoin","2022-08-21 04:00:00","2000.0","0.09277199","21450.43994421","10.0"
"investment_asset_transaction_710_365e32c4","Bitcoin","2022-08-15 03:45:34","2000.0","0.08377889","23753.00030831","10.0"
"investment_asset_transaction_194_9b255ca0","iShares S&P 500 UCITS ETF USD (Acc)","2022-08-14 04:00:00","1000.0","2.30909176","428.73999949","10.0"
"investment_asset_transaction_711_c0ef2765","Bitcoin","2022-08-08 03:52:04","2000.0","0.08734686","22782.73082742","10.0"
"investment_asset_transaction_195_61e792d1","iShares S&P 500 UCITS ETF USD (Acc)","2022-08-07 04:00:00","1000.0","2.36802449","418.07000062","10.0"
"investment_asset_transaction_712_4f7554e5","Bitcoin","2022-08-01 03:51:43","2000.0","0.08697948","22878.95949711","10.0"
"investment_asset_transaction_196_87a7f889","iShares S&P 500 UCITS ETF USD (Acc)","2022-07-31 04:00:00","1000.0","2.39460126","413.43000045","10.0"
"investment_asset_transaction_713_fd11d6d5","Bitcoin","2022-07-25 03:51:59","2000.0","0.08970688","22183.35984932","10.0"
"investment_asset_transaction_197_97137b1e","iShares S&P 500 UCITS ETF USD (Acc)","2022-07-24 04:00:00","1000.0","2.47846986","399.43999965","10.0"
"investment_asset_transaction_714_7a40d716","Bitcoin","2022-07-18 03:51:50","2000.0","0.09639586","20644.04010712","10.0"
"investment_asset_transaction_198_3c4033ca","iShares S&P 500 UCITS ETF USD (Acc)","2022-07-17 04:00:00","1000.0","2.51767458","393.22000066","10.0"
"investment_asset_transaction_715_e651ca92","Bitcoin","2022-07-11 03:52:24","2000.0","0.0970513","20504.61972173","10.0"
"investment_asset_transaction_199_06d0fbd7","iShares S&P 500 UCITS ETF USD (Acc)","2022-07-10 04:00:00","1000.0","2.51058758","394.32999983","10.0"
"investment_asset_transaction_716_9cd21a43","Bitcoin","2022-07-04 03:51:48","2000.0","0.10771511","18474.65968331","10.0"
"investment_asset_transaction_200_4ae520ea","iShares S&P 500 UCITS ETF USD (Acc)","2022-07-03 04:00:00","1000.0","2.64218421","374.68999938","10.0"
"investment_asset_transaction_717_f5b6b6d3","Bitcoin","2022-06-27 03:52:18","2000.0","0.09997764","19904.45063516","10.0"
"investment_asset_transaction_201_7cbccc66","iShares S&P 500 UCITS ETF USD (Acc)","2022-06-26 04:00:00","1000.0","2.61503513","378.58000019","10.0"
"investment_asset_transaction_202_bab71c40","iShares S&P 500 UCITS ETF USD (Acc)","2022-06-19 20:56:02","1000.0","2.74801532","360.2600003","10.0"
"investment_asset_transaction_718_6f12912d","Bitcoin","2022-06-19 18:54:03","2000.0","0.10761666","18491.5606933","10.0"
"investment_asset_transaction_719_ad61cd68","Bitcoin","2022-06-12 04:00:00","2000.0","0.07799646","25513.97845492","10.0"
"investment_asset_transaction_203_c44ca89d","iShares S&P 500 UCITS ETF USD (Acc)","2022-06-12 04:00:00","1000.0","2.62941223","376.51000049","10.0"
"investment_asset_transaction_720_02e5e728","Bitcoin","2022-06-05 04:00:00","2000.0","0.07137288","27881.73883413","10.0"
"investment_asset_transaction_204_95ee85d8","iShares S&P 500 UCITS ETF USD (Acc)","2022-06-05 04:00:00","1000.0","2.50341375","395.45999937","10.0"
"investment_asset_transaction_205_76b1a747","iShares S&P 500 UCITS ETF USD (Acc)","2022-05-29 04:00:00","1000.0","2.49539989","396.73000066","10.0"
"investment_asset_transaction_721_e96bac2e","Bitcoin","2022-05-29 04:00:00","2000.0","0.07251312","27443.30956936","10.0"
"investment_asset_transaction_206_58dfbfb6","iShares S&P 500 UCITS ETF USD (Acc)","2022-05-22 04:00:00","1000.0","2.61227505","378.98000059","10.0"
"investment_asset_transaction_722_c7f8bcaa","Bitcoin","2022-05-22 04:00:00","2000.0","0.06936031","28690.75988847","10.0"
"investment_asset_transaction_723_04d3b240","Bitcoin","2022-05-15 04:00:00","2000.0","0.06609978","30106.0003528","10.0"
"investment_asset_transaction_207_2b1d7aa9","iShares S&P 500 UCITS ETF USD (Acc)","2022-05-15 04:00:00","1000.0","2.50728125","394.84999938","10.0"
"investment_asset_transaction_724_72841144","Bitcoin","2022-05-08 04:00:00","2000.0","0.0615373","32338.11038183","10.0"
"investment_asset_transaction_208_9a2e583e","iShares S&P 500 UCITS ETF USD (Acc)","2022-05-08 04:00:00","1000.0","2.5060119","395.04999956","10.0"
"investment_asset_transaction_725_0c8b572a","Bitcoin","2022-05-01 04:00:00","2000.0","0.05449715","36515.67100298","10.0"
"investment_asset_transaction_209_4975620c","iShares S&P 500 UCITS ETF USD (Acc)","2022-05-01 04:00:00","1000.0","2.43536444","406.51000061","10.0"
"investment_asset_transaction_726_1c0380f8","Bitcoin","2022-04-24 04:00:00","2000.0","0.0545006","36513.35948595","10.0"
"investment_asset_transaction_210_d0d03583","iShares S&P 500 UCITS ETF USD (Acc)","2022-04-24 04:00:00","1000.0","2.42593546","408.08999923","10.0"
"investment_asset_transaction_211_ef9c3e94","iShares S&P 500 UCITS ETF USD (Acc)","2022-04-17 04:00:00","1000.0","2.34947908","421.37000003","10.0"
"investment_asset_transaction_727_d1abb668","Bitcoin","2022-04-17 04:00:00","2000.0","0.05418055","36729.04760103","10.0"
"investment_asset_transaction_212_816e68af","iShares S&P 500 UCITS ETF USD (Acc)","2022-04-10 04:00:00","1000.0","2.35148809","421.00999967","10.0"
"investment_asset_transaction_728_9a049c10","Bitcoin","2022-04-10 04:00:00","2000.0","0.05131698","38778.58751626","10.0"
"investment_asset_transaction_729_89826f23","Bitcoin","2022-04-03 04:00:00","2000.0","0.04731922","42054.79295728","10.0"
"investment_asset_transaction_213_149b5b4a","iShares S&P 500 UCITS ETF USD (Acc)","2022-04-03 04:00:00","1000.0","2.34280711","422.5699998","10.0"
"investment_asset_transaction_730_62b54654","Bitcoin","2022-03-27 04:00:00","2000.0","0.04667462","42635.59082002","10.0"
"investment_asset_transaction_214_48ac7ab4","iShares S&P 500 UCITS ETF USD (Acc)","2022-03-27 04:00:00","1000.0","2.34624956","421.94999921","10.0"
"investment_asset_transaction_215_8bca7925","iShares S&P 500 UCITS ETF USD (Acc)","2022-03-20 03:00:00","1000.0","2.40665111","411.35999975","10.0"
"investment_asset_transaction_731_ebdb4faa","Bitcoin","2022-03-20 03:00:00","2000.0","0.05327545","37353.03972092","10.0"
"investment_asset_transaction_732_0ef60518","Bitcoin","2022-03-13 03:00:00","2000.0","0.05747503","34623.73138387","10.0"
"investment_asset_transaction_216_33404753","iShares S&P 500 UCITS ETF USD (Acc)","2022-03-13 03:00:00","1000.0","2.51230777","394.06000006","10.0"
"investment_asset_transaction_217_50a0a283","iShares S&P 500 UCITS ETF USD (Acc)","2022-03-06 03:00:00","1000.0","2.46581484","401.48999995","10.0"
"investment_asset_transaction_733_977061e1","Bitcoin","2022-03-06 03:00:00","2000.0","0.05632132","35332.97870149","10.0"
"investment_asset_transaction_218_641a0cf6","iShares S&P 500 UCITS ETF USD (Acc)","2022-02-27 03:00:00","1000.0","2.48875035","397.78999931","10.0"
"investment_asset_transaction_734_179e0914","Bitcoin","2022-02-27 03:00:00","2000.0","0.05900048","33728.53915765","10.0"
"investment_asset_transaction_219_e093497a","iShares S&P 500 UCITS ETF USD (Acc)","2022-02-20 03:00:00","1000.0","2.53339475","390.77999984","10.0"
"investment_asset_transaction_735_7e8268a4","Bitcoin","2022-02-20 03:00:00","2000.0","0.05860047","33958.77200302","10.0"
"investment_asset_transaction_220_7e0b011e","iShares S&P 500 UCITS ETF USD (Acc)","2022-02-13 03:00:00","1000.0","2.47308336","400.31000006","10.0"
"investment_asset_transaction_736_28ea515c","Bitcoin","2022-02-13 03:00:00","2000.0","0.05359387","37131.11219623","10.0"
"investment_asset_transaction_221_28f04652","iShares S&P 500 UCITS ETF USD (Acc)","2022-02-06 03:00:00","1000.0","2.46956695","400.88000044","10.0"
"investment_asset_transaction_737_e1906414","Bitcoin","2022-02-06 03:00:00","2000.0","0.05374513","37026.61059709","10.0"
"investment_asset_transaction_738_b480008b","Bitcoin","2022-01-30 03:00:00","2000.0","0.05852976","33999.79770975","10.0"
"investment_asset_transaction_222_d6284aed","iShares S&P 500 UCITS ETF USD (Acc)","2022-01-30 03:00:00","1000.0","2.45590534","403.10999935","10.0"
"investment_asset_transaction_223_4dfc5a16","iShares S&P 500 UCITS ETF USD (Acc)","2022-01-23 03:00:00","1000.0","2.50392028","395.37999988","10.0"
"investment_asset_transaction_739_0693ce27","Bitcoin","2022-01-23 03:00:00","2000.0","0.06221312","31986.82207226","10.0"
"investment_asset_transaction_224_f82ee61b","iShares S&P 500 UCITS ETF USD (Acc)","2022-01-16 03:00:00","1000.0","2.37809272","416.30000028","10.0"
"investment_asset_transaction_740_4b5780f9","Bitcoin","2022-01-16 03:00:00","2000.0","0.05264476","37800.53323446","10.0"
"investment_asset_transaction_741_0ede898b","Bitcoin","2022-01-09 03:00:00","2000.0","0.05390796","36914.77102825","10.0"
"investment_asset_transaction_225_f3425bad","iShares S&P 500 UCITS ETF USD (Acc)","2022-01-09 03:00:00","1000.0","2.36598714","418.43000043","10.0"
"investment_asset_transaction_742_2ced2046","Bitcoin","2022-01-02 03:00:00","2000.0","0.0478023","41629.79605584","10.0"
"investment_asset_transaction_226_ebe1d966","iShares S&P 500 UCITS ETF USD (Acc)","2022-01-02 03:00:00","1000.0","2.29018229","432.27999986","10.0"
"investment_asset_transaction_743_b4eb2ce8","Bitcoin","2021-12-26 03:00:00","2000.0","0.04434931","44871.04759916","10.0"
"investment_asset_transaction_227_f57abf55","iShares S&P 500 UCITS ETF USD (Acc)","2021-12-26 03:00:00","1000.0","2.30887635","428.77999941","10.0"
"investment_asset_transaction_744_79c2d23a","Bitcoin","2021-12-19 03:00:00","2000.0","0.04790219","41542.98582173","10.0"
"investment_asset_transaction_228_9d0cd073","iShares S&P 500 UCITS ETF USD (Acc)","2021-12-19 03:00:00","1000.0","2.38542721","415.01999971","10.0"
"investment_asset_transaction_229_5a69e482","iShares S&P 500 UCITS ETF USD (Acc)","2021-12-12 03:00:00","1000.0","2.34369451","422.41000087","10.0"
"investment_asset_transaction_745_9861916d","Bitcoin","2021-12-12 03:00:00","2000.0","0.04492841","44292.68696578","10.0"
"investment_asset_transaction_746_57b25c1f","Bitcoin","2021-12-05 03:00:00","2000.0","0.04556605","43672.86609219","10.0"
"investment_asset_transaction_230_7db80eac","iShares S&P 500 UCITS ETF USD (Acc)","2021-12-05 03:00:00","1000.0","2.40221295","412.1199996","10.0"
"investment_asset_transaction_231_facc38d8","iShares S&P 500 UCITS ETF USD (Acc)","2021-11-28 03:00:00","1000.0","2.37250767","417.27999977","10.0"
"investment_asset_transaction_747_b2d1c3cc","Bitcoin","2021-11-28 03:00:00","2000.0","0.03925352","50696.09043979","10.0"
"investment_asset_transaction_748_9ab56d5f","Bitcoin","2021-11-21 03:00:00","2000.0","0.03820527","52087.05500576","10.0"
"investment_asset_transaction_232_70dca690","iShares S&P 500 UCITS ETF USD (Acc)","2021-11-21 03:00:00","1000.0","2.32219929","426.31999943","10.0"
"investment_asset_transaction_233_ffca30fb","iShares S&P 500 UCITS ETF USD (Acc)","2021-11-14 03:00:00","1000.0","2.3708032","417.57999989","10.0"
"investment_asset_transaction_234_967c7429","iShares S&P 500 UCITS ETF USD (Acc)","2021-11-07 03:00:00","1000.0","2.38963045","414.29000036","10.0"
"investment_asset_transaction_235_6ae48c24","iShares S&P 500 UCITS ETF USD (Acc)","2021-10-31 04:00:00","1000.0","2.44372038","405.11999986","10.0"
"investment_asset_transaction_236_07ffc4de","iShares S&P 500 UCITS ETF USD (Acc)","2021-10-24 04:00:00","1000.0","2.48450322","398.47000078","10.0"
"investment_asset_transaction_237_cc1a0397","iShares S&P 500 UCITS ETF USD (Acc)","2021-10-17 04:00:00","1000.0","2.5210084","392.70000052","10.0"
"investment_asset_transaction_238_4e1d980e","iShares S&P 500 UCITS ETF USD (Acc)","2021-10-10 04:00:00","1000.0","2.55424547","387.58999933","10.0"
"investment_asset_transaction_239_3a3f991e","iShares S&P 500 UCITS ETF USD (Acc)","2021-10-03 04:00:00","1000.0","2.6214055","377.65999957","10.0"
"investment_asset_transaction_240_00fa116c","iShares S&P 500 UCITS ETF USD (Acc)","2021-09-26 04:00:00","1000.0","2.56178031","386.44999969","10.0"
"investment_asset_transaction_241_244befdb","iShares S&P 500 UCITS ETF USD (Acc)","2021-09-19 04:00:00","1000.0","2.5954959","381.42999956","10.0"
"investment_asset_transaction_242_4e8c51ee","iShares S&P 500 UCITS ETF USD (Acc)","2021-09-12 04:00:00","1000.0","2.571295","385.01999965","10.0"
"investment_asset_transaction_243_a4580697","iShares S&P 500 UCITS ETF USD (Acc)","2021-09-05 04:00:00","1000.0","2.54348329","389.22999962","10.0"
"investment_asset_transaction_244_1b484345","iShares S&P 500 UCITS ETF USD (Acc)","2021-08-29 04:00:00","1000.0","2.53950339","389.83999939","10.0"
"investment_asset_transaction_245_8f17d650","iShares S&P 500 UCITS ETF USD (Acc)","2021-08-22 04:00:00","1000.0","2.55596003","387.33000062","10.0"
"investment_asset_transaction_246_2dfbf979","iShares S&P 500 UCITS ETF USD (Acc)","2021-08-15 04:00:00","1000.0","2.57497334","384.46999999","10.0"
"investment_asset_transaction_247_644414b4","iShares S&P 500 UCITS ETF USD (Acc)","2021-08-08 04:00:00","1000.0","2.58391189","383.13999941","10.0"
"investment_asset_transaction_248_93da0a78","iShares S&P 500 UCITS ETF USD (Acc)","2021-08-01 04:00:00","1000.0","2.62606435","376.99000026","10.0"
"investment_asset_transaction_249_451062df","iShares S&P 500 UCITS ETF USD (Acc)","2021-07-25 04:00:00","1000.0","2.60327645","380.28999955","10.0"
"investment_asset_transaction_250_63fd5d51","iShares S&P 500 UCITS ETF USD (Acc)","2021-07-18 04:00:00","1000.0","2.67119961","370.6200002","10.0"
"investment_asset_transaction_251_110bc1cf","iShares S&P 500 UCITS ETF USD (Acc)","2021-07-11 04:00:00","1000.0","2.64550265","374.21999936","10.0"
"investment_asset_transaction_252_ec96879c","iShares S&P 500 UCITS ETF USD (Acc)","2021-07-04 04:00:00","1000.0","2.66021765","372.15000058","10.0"
"investment_asset_transaction_253_7bcd474c","iShares S&P 500 UCITS ETF USD (Acc)","2021-06-27 04:00:00","1000.0","2.72097625","363.84000044","10.0"
"investment_asset_transaction_254_265c9975","iShares S&P 500 UCITS ETF USD (Acc)","2021-06-20 04:00:00","1000.0","2.76150628","358.4999995","10.0"
"investment_asset_transaction_255_6802960c","iShares S&P 500 UCITS ETF USD (Acc)","2021-06-13 04:00:00","1000.0","2.78763305","355.13999951","10.0"
"investment_asset_transaction_256_4692ed54","iShares S&P 500 UCITS ETF USD (Acc)","2021-06-06 04:00:00","1000.0","2.81730222","351.39999996","10.0"
"investment_asset_transaction_257_415694a1","iShares S&P 500 UCITS ETF USD (Acc)","2021-05-30 04:00:00","1000.0","2.83399651","349.3299997","10.0"
"investment_asset_transaction_258_8d6f90eb","iShares S&P 500 UCITS ETF USD (Acc)","2021-05-23 04:00:00","1000.0","2.85195748","347.12999999","10.0"
"investment_asset_transaction_259_38270be5","iShares S&P 500 UCITS ETF USD (Acc)","2021-05-16 04:00:00","1000.0","2.85220398","347.09999949","10.0"
"investment_asset_transaction_260_9b1b10e8","iShares S&P 500 UCITS ETF USD (Acc)","2021-05-09 04:00:00","1000.0","2.80540678","352.8900005","10.0"
"investment_asset_transaction_261_0f12104c","iShares S&P 500 UCITS ETF USD (Acc)","2021-05-02 04:00:00","1000.0","2.80851064","352.49999979","10.0"
"investment_asset_transaction_262_49bc21b0","iShares S&P 500 UCITS ETF USD (Acc)","2021-04-25 04:00:00","1000.0","2.8201111","351.04999941","10.0"
"investment_asset_transaction_263_2e2ef87d","iShares S&P 500 UCITS ETF USD (Acc)","2021-04-18 04:00:00","1000.0","2.81305942","351.9299994","10.0"
"investment_asset_transaction_264_6347408d","iShares S&P 500 UCITS ETF USD (Acc)","2021-04-11 04:00:00","1000.0","2.82905641","349.93999996","10.0"
"investment_asset_transaction_265_464f4157","iShares S&P 500 UCITS ETF USD (Acc)","2021-04-04 04:00:00","1000.0","2.85491825","346.76999946","10.0"
"investment_asset_transaction_266_7cc490db","iShares S&P 500 UCITS ETF USD (Acc)","2021-03-28 04:00:00","1000.0","2.91923451","339.13000021","10.0"
"investment_asset_transaction_267_942e6263","iShares S&P 500 UCITS ETF USD (Acc)","2021-03-21 03:00:00","1000.0","2.96513718","333.87999944","10.0"
"investment_asset_transaction_268_ad3aa82f","iShares S&P 500 UCITS ETF USD (Acc)","2021-03-14 03:00:00","1000.0","2.97047528","333.27999956","10.0"
"investment_asset_transaction_269_837e844c","iShares S&P 500 UCITS ETF USD (Acc)","2021-03-07 03:00:00","1000.0","3.0561215","323.94000042","10.0"
"investment_asset_transaction_270_29905401","iShares S&P 500 UCITS ETF USD (Acc)","2021-02-28 03:00:00","1000.0","3.05508409","324.05000021","10.0"
"investment_asset_transaction_271_80f3dc0f","iShares S&P 500 UCITS ETF USD (Acc)","2021-02-21 03:00:00","1000.0","3.04250284","325.39000029","10.0"
"investment_asset_transaction_272_f716a3e6","iShares S&P 500 UCITS ETF USD (Acc)","2021-02-14 03:00:00","1000.0","3.01553457","328.30000022","10.0"
"investment_asset_transaction_273_b0d5db42","iShares S&P 500 UCITS ETF USD (Acc)","2021-02-07 03:00:00","1000.0","3.03002479","326.73000012","10.0"
"investment_asset_transaction_274_948682e4","iShares S&P 500 UCITS ETF USD (Acc)","2021-01-31 03:00:00","1000.0","3.16870979","312.4300001","10.0"
"investment_asset_transaction_275_a24cd044","iShares S&P 500 UCITS ETF USD (Acc)","2021-01-24 03:00:00","1000.0","3.10998021","318.32999992","10.0"
"investment_asset_transaction_276_7f3da303","iShares S&P 500 UCITS ETF USD (Acc)","2021-01-17 03:00:00","1000.0","3.13916986","315.3700004","10.0"
"investment_asset_transaction_277_4af93434","iShares S&P 500 UCITS ETF USD (Acc)","2021-01-10 03:00:00","1000.0","3.14126158","315.16000014","10.0"
"investment_asset_transaction_278_a246feab","iShares S&P 500 UCITS ETF USD (Acc)","2021-01-03 03:00:00","1000.0","3.24473141","305.10999984","10.0"
"investment_asset_transaction_279_0bc7e215","iShares S&P 500 UCITS ETF USD (Acc)","2020-12-27 03:00:00","1000.0","3.21606081","307.83000027","10.0"
"investment_asset_transaction_280_e4c6b128","iShares S&P 500 UCITS ETF USD (Acc)","2020-12-20 03:00:00","1000.0","3.25925926","303.74999993","10.0"
"investment_asset_transaction_281_92122269","iShares S&P 500 UCITS ETF USD (Acc)","2020-12-13 03:00:00","1000.0","3.25219277","304.40999966","10.0"
"investment_asset_transaction_282_f2bf62cd","iShares S&P 500 UCITS ETF USD (Acc)","2020-12-06 03:00:00","1000.0","3.22612181","306.87000005","10.0"
"investment_asset_transaction_283_0031ad4c","iShares S&P 500 UCITS ETF USD (Acc)","2020-11-29 03:00:00","1000.0","3.24228729","305.33999965","10.0"
"investment_asset_transaction_284_7e98829b","iShares S&P 500 UCITS ETF USD (Acc)","2020-11-22 03:00:00","1000.0","3.25947387","303.73000045","10.0"
"investment_asset_transaction_285_2741863d","iShares S&P 500 UCITS ETF USD (Acc)","2020-11-15 03:00:00","1000.0","3.23614017","305.91999975","10.0"
"investment_asset_transaction_286_16f9239d","iShares S&P 500 UCITS ETF USD (Acc)","2020-11-08 03:00:00","1000.0","3.27164574","302.59999972","10.0"
"investment_asset_transaction_287_4ed3dd16","iShares S&P 500 UCITS ETF USD (Acc)","2020-11-01 03:00:00","1000.0","3.48272708","284.26000007","10.0"
"investment_asset_transaction_288_5e9767c0","iShares S&P 500 UCITS ETF USD (Acc)","2020-10-25 04:00:00","1000.0","3.40311437","290.9099996","10.0"
"investment_asset_transaction_289_8c66b33d","iShares S&P 500 UCITS ETF USD (Acc)","2020-10-18 04:00:00","1000.0","3.3134748","298.77999978","10.0"
"investment_asset_transaction_290_a231e663","iShares S&P 500 UCITS ETF USD (Acc)","2020-10-11 04:00:00","1000.0","3.32303974","297.9200002","10.0"
"investment_asset_transaction_291_84c482be","iShares S&P 500 UCITS ETF USD (Acc)","2020-10-04 04:00:00","1000.0","3.42869017","288.74000009","10.0"
"investment_asset_transaction_292_56ec599f","iShares S&P 500 UCITS ETF USD (Acc)","2020-09-27 04:00:00","1000.0","3.46299146","285.88000041","10.0"
"investment_asset_transaction_293_5972cb2a","iShares S&P 500 UCITS ETF USD (Acc)","2020-09-20 04:00:00","1000.0","3.53836806","279.79000014","10.0"
"investment_asset_transaction_294_356920a2","iShares S&P 500 UCITS ETF USD (Acc)","2020-09-13 04:00:00","1000.0","3.45887779","286.2199997","10.0"
"investment_asset_transaction_295_26b968c0","iShares S&P 500 UCITS ETF USD (Acc)","2020-09-06 04:00:00","1000.0","3.41555977","289.85000019","10.0"
"investment_asset_transaction_296_bea16d78","iShares S&P 500 UCITS ETF USD (Acc)","2020-08-30 04:00:00","1000.0","3.36060287","294.59000016","10.0"
"investment_asset_transaction_297_1424e24b","iShares S&P 500 UCITS ETF USD (Acc)","2020-08-23 04:00:00","1000.0","3.41520629","289.88000019","10.0"
"investment_asset_transaction_298_6cc6ddcb","iShares S&P 500 UCITS ETF USD (Acc)","2020-08-16 04:00:00","1000.0","3.45646254","286.4199998","10.0"
"investment_asset_transaction_299_bf5cfbb8","iShares S&P 500 UCITS ETF USD (Acc)","2020-08-09 04:00:00","1000.0","3.46820809","285.4500002","10.0"
"investment_asset_transaction_300_b5e04dc5","iShares S&P 500 UCITS ETF USD (Acc)","2020-08-02 04:00:00","1000.0","3.55488527","278.49000033","10.0"
"investment_asset_transaction_301_99892797","iShares S&P 500 UCITS ETF USD (Acc)","2020-07-26 04:00:00","1000.0","3.58500815","276.14999983","10.0"
"investment_asset_transaction_302_c6239d1d","iShares S&P 500 UCITS ETF USD (Acc)","2020-07-19 04:00:00","1000.0","3.49699753","283.09999979","10.0"
"investment_asset_transaction_303_313a65d4","iShares S&P 500 UCITS ETF USD (Acc)","2020-07-12 04:00:00","1000.0","3.50256501","282.64999998","10.0"
"investment_asset_transaction_304_106b2138","iShares S&P 500 UCITS ETF USD (Acc)","2020-07-05 04:00:00","1000.0","3.5321821","280.28000029","10.0"
"investment_asset_transaction_305_88979bb2","iShares S&P 500 UCITS ETF USD (Acc)","2020-06-28 04:00:00","1000.0","3.65502474","270.85999971","10.0"
"investment_asset_transaction_306_0e16cee3","iShares S&P 500 UCITS ETF USD (Acc)","2020-06-21 04:00:00","1000.0","3.55782362","278.25999986","10.0"
"investment_asset_transaction_307_a4654484","iShares S&P 500 UCITS ETF USD (Acc)","2020-06-14 04:00:00","1000.0","3.67524223","269.37000014","10.0"
"investment_asset_transaction_308_0565c411","iShares S&P 500 UCITS ETF USD (Acc)","2020-06-07 04:00:00","1000.0","3.4817472","284.34000033","10.0"
"investment_asset_transaction_309_c43f0ba6","iShares S&P 500 UCITS ETF USD (Acc)","2020-05-31 04:00:00","1000.0","3.63663079","272.23000001","10.0"
"investment_asset_transaction_310_34742c88","iShares S&P 500 UCITS ETF USD (Acc)","2020-05-24 04:00:00","1000.0","3.63356089","272.45999998","10.0"
"investment_asset_transaction_311_046ca15f","iShares S&P 500 UCITS ETF USD (Acc)","2020-05-17 04:00:00","1000.0","3.71147934","266.74000023","10.0"
"investment_asset_transaction_312_0056ff20","iShares S&P 500 UCITS ETF USD (Acc)","2020-05-10 04:00:00","1000.0","3.67333309","269.5099997","10.0"
"investment_asset_transaction_313_3e8beb9a","iShares S&P 500 UCITS ETF USD (Acc)","2020-05-03 04:00:00","1000.0","3.79717705","260.71999987","10.0"
"investment_asset_transaction_314_eb898f8c","iShares S&P 500 UCITS ETF USD (Acc)","2020-04-26 04:00:00","1000.0","3.77949149","261.93999976","10.0"
"investment_asset_transaction_315_8dd2a4c9","iShares S&P 500 UCITS ETF USD (Acc)","2020-04-19 04:00:00","1000.0","3.77891442","261.98000007","10.0"
"investment_asset_transaction_316_a25820bd","iShares S&P 500 UCITS ETF USD (Acc)","2020-04-12 04:00:00","1000.0","3.86477202","256.15999983","10.0"
"investment_asset_transaction_317_13c2bf96","iShares S&P 500 UCITS ETF USD (Acc)","2020-04-05 04:00:00","1000.0","4.200611","235.67999989","10.0"
"investment_asset_transaction_318_4fc121ee","iShares S&P 500 UCITS ETF USD (Acc)","2020-03-29 04:00:00","1000.0","4.25458765","232.68999993","10.0"
"investment_asset_transaction_319_dce9ced9","iShares S&P 500 UCITS ETF USD (Acc)","2020-03-22 03:00:00","1000.0","4.6188299","214.33999983","10.0"
"investment_asset_transaction_320_c7c9888d","iShares S&P 500 UCITS ETF USD (Acc)","2020-03-15 03:00:00","1000.0","4.35835351","227.15000005","10.0"
"investment_asset_transaction_321_2217b401","iShares S&P 500 UCITS ETF USD (Acc)","2020-03-08 03:00:00","1000.0","3.93512998","251.57999991","10.0"
"investment_asset_transaction_322_8b6f56ac","iShares S&P 500 UCITS ETF USD (Acc)","2020-03-01 03:00:00","1000.0","3.7074486","267.03000009","10.0"
"investment_asset_transaction_323_040258c3","iShares S&P 500 UCITS ETF USD (Acc)","2020-02-23 03:00:00","1000.0","3.27467584","302.32000002","10.0"
"investment_asset_transaction_324_5db87c50","iShares S&P 500 UCITS ETF USD (Acc)","2020-02-16 03:00:00","1000.0","3.18348447","310.97999985","10.0"
"investment_asset_transaction_325_12271ba5","iShares S&P 500 UCITS ETF USD (Acc)","2020-02-09 03:00:00","1000.0","3.25593633","304.05999985","10.0"
"investment_asset_transaction_326_ca5518e0","iShares S&P 500 UCITS ETF USD (Acc)","2020-02-02 03:00:00","1000.0","3.3933162","291.7499996","10.0"
"investment_asset_transaction_327_18b653ab","iShares S&P 500 UCITS ETF USD (Acc)","2020-01-26 03:00:00","1000.0","3.34278768","296.16000021","10.0"
"investment_asset_transaction_328_636c96a2","iShares S&P 500 UCITS ETF USD (Acc)","2020-01-19 03:00:00","1000.0","3.32103321","298.10000003","10.0"
"investment_asset_transaction_329_1ce3efab","iShares S&P 500 UCITS ETF USD (Acc)","2020-01-12 03:00:00","1000.0","3.38045482","292.86000042","10.0"
"investment_asset_transaction_330_66908b68","iShares S&P 500 UCITS ETF USD (Acc)","2020-01-05 03:00:00","1000.0","3.44048653","287.75000029","10.0"
"investment_asset_transaction_331_a8f28a9d","iShares S&P 500 UCITS ETF USD (Acc)","2019-12-29 03:00:00","1000.0","3.43451865","288.24999975","10.0"
"investment_asset_transaction_332_6e81ea68","iShares S&P 500 UCITS ETF USD (Acc)","2019-12-22 03:00:00","1000.0","3.42252645","289.25999973","10.0"
"investment_asset_transaction_333_015ac8db","iShares S&P 500 UCITS ETF USD (Acc)","2019-12-15 03:00:00","1000.0","3.4893557","283.72000023","10.0"
"investment_asset_transaction_334_b41a99ff","iShares S&P 500 UCITS ETF USD (Acc)","2019-12-08 03:00:00","1000.0","3.5024411","282.65999962","10.0"
"investment_asset_transaction_335_6a136a32","iShares S&P 500 UCITS ETF USD (Acc)","2019-12-01 03:00:00","1000.0","3.52237956","281.06000025","10.0"
"investment_asset_transaction_336_b1710837","iShares S&P 500 UCITS ETF USD (Acc)","2019-11-24 03:00:00","1000.0","3.5267714","280.71000009","10.0"
"investment_asset_transaction_337_73b986b4","iShares S&P 500 UCITS ETF USD (Acc)","2019-11-17 03:00:00","1000.0","3.54077253","279.60000017","10.0"
"investment_asset_transaction_338_d6d5c931","iShares S&P 500 UCITS ETF USD (Acc)","2019-11-10 03:00:00","1000.0","3.571944","277.16000027","10.0"
"investment_asset_transaction_339_fd74509d","iShares S&P 500 UCITS ETF USD (Acc)","2019-11-03 03:00:00","1000.0","3.62810129","272.87000027","10.0"
"investment_asset_transaction_340_7540c693","iShares S&P 500 UCITS ETF USD (Acc)","2019-10-27 04:00:00","1000.0","3.65515968","270.85000018","10.0"
"investment_asset_transaction_341_a54e7ff3","iShares S&P 500 UCITS ETF USD (Acc)","2019-10-20 04:00:00","1000.0","3.71551886","266.44999993","10.0"
"investment_asset_transaction_342_2b4a3604","iShares S&P 500 UCITS ETF USD (Acc)","2019-10-13 04:00:00","1000.0","3.69761709","267.74000009","10.0"
"investment_asset_transaction_343_975d9a67","iShares S&P 500 UCITS ETF USD (Acc)","2019-10-06 04:00:00","1000.0","3.72853269","265.52000004","10.0"
"investment_asset_transaction_344_8cb0db78","iShares S&P 500 UCITS ETF USD (Acc)","2019-09-29 04:00:00","1000.0","3.66422385","270.18000006","10.0"
"investment_asset_transaction_345_bf90dfa3","iShares S&P 500 UCITS ETF USD (Acc)","2019-09-22 04:00:00","1000.0","3.66449511","270.1600003","10.0"
"investment_asset_transaction_346_f9b4f0d7","iShares S&P 500 UCITS ETF USD (Acc)","2019-09-15 04:00:00","1000.0","3.67387835","269.47000028","10.0"
"investment_asset_transaction_347_e6c67531","iShares S&P 500 UCITS ETF USD (Acc)","2019-09-08 04:00:00","1000.0","3.70703213","267.05999983","10.0"
"investment_asset_transaction_348_712d2e54","iShares S&P 500 UCITS ETF USD (Acc)","2019-09-01 04:00:00","1000.0","3.76583362","262.8899999","10.0"
"investment_asset_transaction_349_30222459","iShares S&P 500 UCITS ETF USD (Acc)","2019-08-25 04:00:00","1000.0","3.87733521","255.33000021","10.0"
"investment_asset_transaction_350_b928b262","iShares S&P 500 UCITS ETF USD (Acc)","2019-08-18 04:00:00","1000.0","3.82342718","258.93000007","10.0"
"investment_asset_transaction_351_e48c2498","iShares S&P 500 UCITS ETF USD (Acc)","2019-08-11 04:00:00","1000.0","3.87915834","255.21000001","10.0"
"investment_asset_transaction_352_a94bc140","iShares S&P 500 UCITS ETF USD (Acc)","2019-08-04 04:00:00","1000.0","3.86311312","256.27000019","10.0"
"investment_asset_transaction_353_a025d527","iShares S&P 500 UCITS ETF USD (Acc)","2019-07-28 04:00:00","1000.0","3.69540873","267.90000033","10.0"
"investment_asset_transaction_354_c31cc2e0","iShares S&P 500 UCITS ETF USD (Acc)","2019-07-21 04:00:00","1000.0","3.76597687","262.88000011","10.0"
"investment_asset_transaction_355_a390e171","iShares S&P 500 UCITS ETF USD (Acc)","2019-07-14 04:00:00","1000.0","3.75326989","263.7700003","10.0"
"investment_asset_transaction_356_b2647caf","iShares S&P 500 UCITS ETF USD (Acc)","2019-07-07 04:00:00","1000.0","3.78151261","261.79999966","10.0"
"investment_asset_transaction_357_05d57320","iShares S&P 500 UCITS ETF USD (Acc)","2019-06-30 04:00:00","1000.0","3.86251024","256.3100001","10.0"
"investment_asset_transaction_358_de2f8cc2","iShares S&P 500 UCITS ETF USD (Acc)","2019-06-23 04:00:00","1000.0","3.85874649","256.56000014","10.0"
"investment_asset_transaction_359_89aac505","iShares S&P 500 UCITS ETF USD (Acc)","2019-06-16 04:00:00","1000.0","3.90240057","253.68999985","10.0"
"investment_asset_transaction_360_871708fb","iShares S&P 500 UCITS ETF USD (Acc)","2019-06-09 04:00:00","1000.0","3.9517803","250.51999981","10.0"
"investment_asset_transaction_361_6d50cdd6","iShares S&P 500 UCITS ETF USD (Acc)","2019-06-02 04:00:00","1000.0","4.06905055","243.30000029","10.0"
"investment_asset_transaction_362_ff2ebc52","iShares S&P 500 UCITS ETF USD (Acc)","2019-05-26 04:00:00","1000.0","3.98278151","248.57000001","10.0"
"investment_asset_transaction_363_695b3e17","iShares S&P 500 UCITS ETF USD (Acc)","2019-05-19 04:00:00","1000.0","3.92607868","252.16000001","10.0"
"investment_asset_transaction_364_c3b9d4f7","iShares S&P 500 UCITS ETF USD (Acc)","2019-05-12 04:00:00","1000.0","4.00744819","247.03999979","10.0"
"investment_asset_transaction_365_b0c65c62","iShares S&P 500 UCITS ETF USD (Acc)","2019-05-05 04:00:00","1000.0","3.84884535","257.21999976","10.0"
"investment_asset_transaction_366_0f02f097","iShares S&P 500 UCITS ETF USD (Acc)","2019-04-28 04:00:00","1000.0","3.82756621","258.64999994","10.0"
"investment_asset_transaction_367_90562c24","iShares S&P 500 UCITS ETF USD (Acc)","2019-04-21 04:00:00","1000.0","3.87961439","255.17999999","10.0"
"investment_asset_transaction_368_8057aae3","iShares S&P 500 UCITS ETF USD (Acc)","2019-04-14 04:00:00","1000.0","3.92623438","252.15000028","10.0"
"investment_asset_transaction_369_3589a676","iShares S&P 500 UCITS ETF USD (Acc)","2019-04-07 04:00:00","1000.0","3.9203263","252.52999986","10.0"
"investment_asset_transaction_370_935015ae","iShares S&P 500 UCITS ETF USD (Acc)","2019-03-31 04:00:00","1000.0","3.97877984","248.82000005","10.0"
"investment_asset_transaction_371_6d0b3d80","iShares S&P 500 UCITS ETF USD (Acc)","2019-03-24 03:00:00","1000.0","4.06671048","243.44000018","10.0"
"investment_asset_transaction_372_263ebeb2","iShares S&P 500 UCITS ETF USD (Acc)","2019-03-17 03:00:00","1000.0","4.0406514","245.01000012","10.0"
"investment_asset_transaction_373_32ec0952","iShares S&P 500 UCITS ETF USD (Acc)","2019-03-10 03:00:00","1000.0","4.11762259","240.43000017","10.0"
"investment_asset_transaction_374_80fcc827","iShares S&P 500 UCITS ETF USD (Acc)","2019-03-03 03:00:00","1000.0","4.10192666","241.35000015","10.0"
"investment_asset_transaction_375_05db4ee1","iShares S&P 500 UCITS ETF USD (Acc)","2019-02-24 03:00:00","1000.0","4.08972611","242.07000014","10.0"
"investment_asset_transaction_376_e0793a1b","iShares S&P 500 UCITS ETF USD (Acc)","2019-02-17 03:00:00","1000.0","4.11505528","240.58000018","10.0"
"investment_asset_transaction_377_28456834","iShares S&P 500 UCITS ETF USD (Acc)","2019-02-10 03:00:00","1000.0","4.2374695","233.63000017","10.0"
"investment_asset_transaction_378_ec493c66","iShares S&P 500 UCITS ETF USD (Acc)","2019-02-03 03:00:00","1000.0","4.27147603","231.77000012","10.0"
"investment_asset_transaction_379_d3d9ca4e","iShares S&P 500 UCITS ETF USD (Acc)","2019-01-27 03:00:00","1000.0","4.36065718","227.0300001","10.0"
"investment_asset_transaction_380_6362ccc2","iShares S&P 500 UCITS ETF USD (Acc)","2019-01-20 03:00:00","1000.0","4.3146655","229.45000024","10.0"
"investment_asset_transaction_381_2ab2825a","iShares S&P 500 UCITS ETF USD (Acc)","2019-01-13 03:00:00","1000.0","4.49081424","220.45000018","10.0"
"investment_asset_transaction_382_1c99d8f4","iShares S&P 500 UCITS ETF USD (Acc)","2019-01-06 03:00:00","1000.0","4.56810631","216.72000011","10.0"
"investment_asset_transaction_383_f3e6287e","iShares S&P 500 UCITS ETF USD (Acc)","2018-12-30 03:00:00","1000.0","4.61796809","214.38000019","10.0"
"investment_asset_transaction_384_86165bcc","iShares S&P 500 UCITS ETF USD (Acc)","2018-12-23 03:00:00","1000.0","4.68085106","211.50000017","10.0"
"investment_asset_transaction_385_d2741bc6","iShares S&P 500 UCITS ETF USD (Acc)","2018-12-16 03:00:00","1000.0","4.39921792","225.03999984","10.0"
"investment_asset_transaction_386_83bae9fc","iShares S&P 500 UCITS ETF USD (Acc)","2018-12-09 03:00:00","1000.0","4.39472633","225.26999992","10.0"
"investment_asset_transaction_387_482bd1bf","iShares S&P 500 UCITS ETF USD (Acc)","2018-12-02 03:00:00","1000.0","4.16561474","237.66000021","10.0"
"investment_asset_transaction_388_c881c344","iShares S&P 500 UCITS ETF USD (Acc)","2018-11-25 03:00:00","1000.0","4.33810964","228.20999978","10.0"
"investment_asset_transaction_389_309dd7dd","iShares S&P 500 UCITS ETF USD (Acc)","2018-11-18 03:00:00","1000.0","4.27055474","231.82000004","10.0"
"investment_asset_transaction_390_3f93b289","iShares S&P 500 UCITS ETF USD (Acc)","2018-11-11 03:00:00","1000.0","4.15285876","238.39000005","10.0"
"investment_asset_transaction_391_77596549","iShares S&P 500 UCITS ETF USD (Acc)","2018-11-04 03:00:00","1000.0","4.25276","232.78999991","10.0"
"investment_asset_transaction_392_35d1eaef","iShares S&P 500 UCITS ETF USD (Acc)","2018-10-28 04:00:00","1000.0","4.33526012","228.35999977","10.0"
"investment_asset_transaction_393_dba63add","iShares S&P 500 UCITS ETF USD (Acc)","2018-10-21 04:00:00","1000.0","4.20739482","235.29999973","10.0"
"investment_asset_transaction_394_2f218f78","iShares S&P 500 UCITS ETF USD (Acc)","2018-10-14 04:00:00","1000.0","4.25349087","232.75","10.0"
"investment_asset_transaction_395_39bb7c46","iShares S&P 500 UCITS ETF USD (Acc)","2018-10-07 04:00:00","1000.0","4.05554873","244.10999988","10.0"
"investment_asset_transaction_396_b951b475","iShares S&P 500 UCITS ETF USD (Acc)","2018-09-30 04:00:00","1000.0","4.02930403","245.69999996","10.0"
"investment_asset_transaction_397_19e992e8","iShares S&P 500 UCITS ETF USD (Acc)","2018-09-23 04:00:00","1000.0","4.08601263","242.28999997","10.0"
"investment_asset_transaction_398_b7af0539","iShares S&P 500 UCITS ETF USD (Acc)","2018-09-16 04:00:00","1000.0","4.0922619","241.92000028","10.0"
"investment_asset_transaction_399_c498fb83","iShares S&P 500 UCITS ETF USD (Acc)","2018-09-09 04:00:00","1000.0","4.09293865","241.87999984","10.0"
"investment_asset_transaction_400_482de02e","iShares S&P 500 UCITS ETF USD (Acc)","2018-09-02 04:00:00","1000.0","4.07172822","243.14000014","10.0"
"investment_asset_transaction_401_55b4f70b","iShares S&P 500 UCITS ETF USD (Acc)","2018-08-26 04:00:00","1000.0","4.11232035","240.73999974","10.0"
"investment_asset_transaction_402_5d90a8a0","iShares S&P 500 UCITS ETF USD (Acc)","2018-08-19 04:00:00","1000.0","4.08550677","242.31999988","10.0"
"investment_asset_transaction_403_284af87c","iShares S&P 500 UCITS ETF USD (Acc)","2018-08-12 04:00:00","1000.0","4.0997184","241.48000019","10.0"
"investment_asset_transaction_404_97aafb21","iShares S&P 500 UCITS ETF USD (Acc)","2018-08-05 04:00:00","1000.0","4.15931434","238.02000019","10.0"
"investment_asset_transaction_405_98c9b2f4","iShares S&P 500 UCITS ETF USD (Acc)","2018-07-29 04:00:00","1000.0","4.22427035","234.36000018","10.0"
"investment_asset_transaction_406_2eaf165d","iShares S&P 500 UCITS ETF USD (Acc)","2018-07-22 04:00:00","1000.0","4.25495337","232.66999986","10.0"
"investment_asset_transaction_407_f859e203","iShares S&P 500 UCITS ETF USD (Acc)","2018-07-15 04:00:00","1000.0","4.25696594","232.56000023","10.0"
"investment_asset_transaction_408_c1e5e4af","iShares S&P 500 UCITS ETF USD (Acc)","2018-07-08 04:00:00","1000.0","4.33070866","228.60000007","10.0"
"investment_asset_transaction_409_e4d337a9","iShares S&P 500 UCITS ETF USD (Acc)","2018-07-01 04:00:00","1000.0","4.36161776","226.98000019","10.0"
"investment_asset_transaction_410_97576adb","iShares S&P 500 UCITS ETF USD (Acc)","2018-06-24 04:00:00","1000.0","4.35394494","227.37999989","10.0"
"investment_asset_transaction_411_f49fcab9","iShares S&P 500 UCITS ETF USD (Acc)","2018-06-17 04:00:00","1000.0","4.28478684","231.05000014","10.0"
"investment_asset_transaction_412_d0028548","iShares S&P 500 UCITS ETF USD (Acc)","2018-06-10 04:00:00","1000.0","4.33658943","228.28999978","10.0"
"investment_asset_transaction_413_9f3250a9","iShares S&P 500 UCITS ETF USD (Acc)","2018-06-03 04:00:00","1000.0","4.35912113","227.11000004","10.0"
"investment_asset_transaction_414_dce52b54","iShares S&P 500 UCITS ETF USD (Acc)","2018-05-27 04:00:00","1000.0","4.37124691","226.47999996","10.0"
"investment_asset_transaction_415_ea9a9aab","iShares S&P 500 UCITS ETF USD (Acc)","2018-05-20 04:00:00","1000.0","4.42893571","223.53000017","10.0"
"investment_asset_transaction_416_28acd14d","iShares S&P 500 UCITS ETF USD (Acc)","2018-05-13 04:00:00","1000.0","4.47639718","221.15999993","10.0"
"investment_asset_transaction_417_35cdbaa6","iShares S&P 500 UCITS ETF USD (Acc)","2018-05-06 04:00:00","1000.0","4.57951707","216.17999996","10.0"
"investment_asset_transaction_418_73e8edf4","iShares S&P 500 UCITS ETF USD (Acc)","2018-04-29 04:00:00","1000.0","4.63157895","213.74999988","10.0"
"investment_asset_transaction_419_043b8248","iShares S&P 500 UCITS ETF USD (Acc)","2018-04-22 04:00:00","1000.0","4.68306528","211.39999996","10.0"
"investment_asset_transaction_420_bb67e3e8","iShares S&P 500 UCITS ETF USD (Acc)","2018-04-15 04:00:00","1000.0","4.74001724","208.85999984","10.0"
"investment_asset_transaction_421_3f202d8b","iShares S&P 500 UCITS ETF USD (Acc)","2018-04-08 04:00:00","1000.0","4.77407532","207.37000019","10.0"
"investment_asset_transaction_422_f2ddef38","iShares S&P 500 UCITS ETF USD (Acc)","2018-04-01 04:00:00","1000.0","4.81845615","205.45999988","10.0"
"investment_asset_transaction_423_9fd06f7c","iShares S&P 500 UCITS ETF USD (Acc)","2018-03-25 04:00:00","1000.0","4.84510351","204.32999996","10.0"
"investment_asset_transaction_424_592328c2","iShares S&P 500 UCITS ETF USD (Acc)","2018-03-18 03:00:00","1000.0","4.61689129","214.43000015","10.0"
"investment_asset_transaction_425_c84083a9","iShares S&P 500 UCITS ETF USD (Acc)","2018-03-11 03:00:00","1000.0","4.55193342","217.49000011","10.0"
"investment_asset_transaction_426_beb2a3db","iShares S&P 500 UCITS ETF USD (Acc)","2018-03-04 03:00:00","1000.0","4.71136915","210.13000011","10.0"
"investment_asset_transaction_427_efae85b2","iShares S&P 500 UCITS ETF USD (Acc)","2018-02-25 03:00:00","1000.0","4.60165474","215.13999983","10.0"
"investment_asset_transaction_428_925b2595","iShares S&P 500 UCITS ETF USD (Acc)","2018-02-18 03:00:00","1000.0","4.66211443","212.35000017","10.0"
"investment_asset_transaction_429_567142b3","iShares S&P 500 UCITS ETF USD (Acc)","2018-02-11 03:00:00","1000.0","4.8158778","205.57000014","10.0"
"investment_asset_transaction_430_699a71dc","iShares S&P 500 UCITS ETF USD (Acc)","2018-02-04 03:00:00","1000.0","4.60893855","214.79999988","10.0"
"investment_asset_transaction_431_f5b4c175","iShares S&P 500 UCITS ETF USD (Acc)","2018-01-28 03:00:00","1000.0","4.45544554","222.20000023","10.0"
"investment_asset_transaction_432_bee2e0a0","iShares S&P 500 UCITS ETF USD (Acc)","2018-01-21 03:00:00","1000.0","4.47821957","221.06999992","10.0"
"investment_asset_transaction_433_8a870f23","iShares S&P 500 UCITS ETF USD (Acc)","2018-01-14 03:00:00","1000.0","4.49897751","220.04999976","10.0"
"investment_asset_transaction_434_d2082c97","iShares S&P 500 UCITS ETF USD (Acc)","2018-01-07 03:00:00","1000.0","4.50840202","219.59000009","10.0"
"investment_asset_transaction_435_32680e1b","iShares S&P 500 UCITS ETF USD (Acc)","2017-12-31 03:00:00","1000.0","4.5880063","215.78000013","10.0"
"investment_asset_transaction_436_b2b683d1","iShares S&P 500 UCITS ETF USD (Acc)","2017-12-24 03:00:00","1000.0","4.55005056","217.57999981","10.0"
"investment_asset_transaction_437_50dbb712","iShares S&P 500 UCITS ETF USD (Acc)","2017-12-17 03:00:00","1000.0","4.51992878","219.02999985","10.0"
"investment_asset_transaction_438_3b4dda1f","iShares S&P 500 UCITS ETF USD (Acc)","2017-12-10 03:00:00","1000.0","4.57507279","216.38999978","10.0"
"investment_asset_transaction_439_6932959d","iShares S&P 500 UCITS ETF USD (Acc)","2017-12-03 03:00:00","1000.0","4.64657843","213.05999994","10.0"
"investment_asset_transaction_440_50c32b7a","iShares S&P 500 UCITS ETF USD (Acc)","2017-11-26 03:00:00","1000.0","4.72531144","209.51000004","10.0"
"investment_asset_transaction_441_9f24aaf7","iShares S&P 500 UCITS ETF USD (Acc)","2017-11-19 03:00:00","1000.0","4.69862364","210.6999998","10.0"
"investment_asset_transaction_442_bfe13efb","iShares S&P 500 UCITS ETF USD (Acc)","2017-11-12 03:00:00","1000.0","4.65926205","212.47999992","10.0"
"investment_asset_transaction_443_be6257b3","iShares S&P 500 UCITS ETF USD (Acc)","2017-11-05 03:00:00","1000.0","4.6250876","214.04999983","10.0"
"investment_asset_transaction_444_fcf056c6","iShares S&P 500 UCITS ETF USD (Acc)","2017-10-29 04:00:00","1000.0","4.65225564","212.79999996","10.0"
"investment_asset_transaction_445_a15407c1","iShares S&P 500 UCITS ETF USD (Acc)","2017-10-22 04:00:00","1000.0","4.71833","209.81999987","10.0"
"investment_asset_transaction_446_10784960","iShares S&P 500 UCITS ETF USD (Acc)","2017-10-15 04:00:00","1000.0","4.7759178","207.28999984","10.0"
"investment_asset_transaction_447_08351b01","iShares S&P 500 UCITS ETF USD (Acc)","2017-10-08 16:00:00","1000.0","4.76007308","207.98000017","10.0"
"investment_asset_transaction_448_0f8cfb3e","iShares S&P 500 UCITS ETF USD (Acc)","2017-10-01 04:00:00","1000.0","4.82761984","205.06999988","10.0"
"investment_asset_transaction_449_609298de","iShares S&P 500 UCITS ETF USD (Acc)","2017-09-24 04:00:00","1000.0","4.93126121","200.75999989","10.0"
"investment_asset_transaction_450_2829b17a","iShares S&P 500 UCITS ETF USD (Acc)","2017-09-17 04:00:00","1000.0","4.93691717","200.52999998","10.0"
"investment_asset_transaction_451_0e02bcc9","iShares S&P 500 UCITS ETF USD (Acc)","2017-09-10 04:00:00","1000.0","5.01519757","197.39999994","10.0"
"investment_asset_transaction_452_ae49e634","iShares S&P 500 UCITS ETF USD (Acc)","2017-09-03 04:00:00","1000.0","4.97637479","198.93999985","10.0"
"investment_asset_transaction_453_fb46f63c","iShares S&P 500 UCITS ETF USD (Acc)","2017-08-27 04:00:00","1000.0","5.04715779","196.1499999","10.0"
"investment_asset_transaction_454_035ec5c6","iShares S&P 500 UCITS ETF USD (Acc)","2017-08-20 04:00:00","1000.0","5.0164682","197.35000015","10.0"
"investment_asset_transaction_455_08b61ced","iShares S&P 500 UCITS ETF USD (Acc)","2017-08-13 04:00:00","1000.0","4.97212596","199.11000002","10.0"
"investment_asset_transaction_456_92d3adcc","iShares S&P 500 UCITS ETF USD (Acc)","2017-08-06 04:00:00","1000.0","4.92316873","201.09000002","10.0"
"investment_asset_transaction_457_28092911","iShares S&P 500 UCITS ETF USD (Acc)","2017-07-30 04:00:00","1000.0","4.93740961","200.50999982","10.0"
"investment_asset_transaction_458_dd09714c","iShares S&P 500 UCITS ETF USD (Acc)","2017-07-23 04:00:00","1000.0","4.88961328","202.46999984","10.0"
"investment_asset_transaction_459_10606df7","iShares S&P 500 UCITS ETF USD (Acc)","2017-07-16 04:00:00","1000.0","4.83705477","204.67000005","10.0"
"investment_asset_transaction_460_1604822e","iShares S&P 500 UCITS ETF USD (Acc)","2017-07-09 04:00:00","1000.0","4.86965076","203.3000001","10.0"
"investment_asset_transaction_461_cccbed18","iShares S&P 500 UCITS ETF USD (Acc)","2017-07-02 04:00:00","1000.0","4.85841881","203.76999981","10.0"
"investment_asset_transaction_462_84cfcef1","iShares S&P 500 UCITS ETF USD (Acc)","2017-06-25 04:00:00","1000.0","4.76511359","207.76000011","10.0"
"investment_asset_transaction_463_0017e3fb","iShares S&P 500 UCITS ETF USD (Acc)","2017-06-18 04:00:00","1000.0","4.75801413","208.06999999","10.0"
"investment_asset_transaction_464_e84587fb","iShares S&P 500 UCITS ETF USD (Acc)","2017-06-11 04:00:00","1000.0","4.77154425","207.47999979","10.0"
"investment_asset_transaction_465_4dd068fb","iShares S&P 500 UCITS ETF USD (Acc)","2017-06-04 04:00:00","1000.0","4.80979449","205.83000003","10.0"
"investment_asset_transaction_466_f3cb63d0","iShares S&P 500 UCITS ETF USD (Acc)","2017-05-28 04:00:00","1000.0","4.80629187","205.98000013","10.0"
"investment_asset_transaction_467_d71880c3","iShares S&P 500 UCITS ETF USD (Acc)","2017-05-21 04:00:00","1000.0","4.8814161","202.81000016","10.0"
"investment_asset_transaction_468_bea1eba9","iShares S&P 500 UCITS ETF USD (Acc)","2017-05-14 04:00:00","1000.0","4.75025191","208.40999988","10.0"
"investment_asset_transaction_469_32efd689","iShares S&P 500 UCITS ETF USD (Acc)","2017-05-07 04:00:00","1000.0","4.76282113","207.85999998","10.0"
"investment_asset_transaction_470_176fb24a","iShares S&P 500 UCITS ETF USD (Acc)","2017-04-30 04:00:00","1000.0","4.75504323","208.1999999","10.0"
"investment_asset_transaction_471_0c0fa6ea","iShares S&P 500 UCITS ETF USD (Acc)","2017-04-23 04:00:00","1000.0","4.7511638","208.36999979","10.0"
"investment_asset_transaction_472_edf3e8e5","iShares S&P 500 UCITS ETF USD (Acc)","2017-04-16 04:00:00","1000.0","4.73774885","208.96000006","10.0"
"investment_asset_transaction_473_aec11372","iShares S&P 500 UCITS ETF USD (Acc)","2017-04-09 04:00:00","1000.0","4.6875","211.2","10.0"
"investment_asset_transaction_474_3c856231","iShares S&P 500 UCITS ETF USD (Acc)","2017-04-02 04:00:00","1000.0","4.71249048","210.07999999","10.0"
"investment_asset_transaction_475_04f66406","iShares S&P 500 UCITS ETF USD (Acc)","2017-03-26 04:00:00","1000.0","4.81869068","205.44999996","10.0"
"investment_asset_transaction_476_a6175b82","iShares S&P 500 UCITS ETF USD (Acc)","2017-03-19 03:00:00","1000.0","4.70621791","210.3600001","10.0"
"investment_asset_transaction_477_49960f87","iShares S&P 500 UCITS ETF USD (Acc)","2017-03-12 03:00:00","1000.0","4.68905414","211.12999988","10.0"
"investment_asset_transaction_478_9545c3f3","iShares S&P 500 UCITS ETF USD (Acc)","2017-03-05 03:00:00","1000.0","4.64265616","213.2400001","10.0"
"investment_asset_transaction_479_81dbdf66","iShares S&P 500 UCITS ETF USD (Acc)","2017-02-26 03:00:00","1000.0","4.68129374","211.47999997","10.0"
"investment_asset_transaction_480_91cba9f6","iShares S&P 500 UCITS ETF USD (Acc)","2017-02-19 03:00:00","1000.0","4.72012968","209.74000019","10.0"
"investment_asset_transaction_481_c6c8bb69","iShares S&P 500 UCITS ETF USD (Acc)","2017-02-12 03:00:00","1000.0","4.78191566","207.03000019","10.0"
"investment_asset_transaction_482_ef3281b0","iShares S&P 500 UCITS ETF USD (Acc)","2017-02-05 03:00:00","1000.0","4.89735345","202.15000002","10.0"
"investment_asset_transaction_483_4565e458","iShares S&P 500 UCITS ETF USD (Acc)","2017-01-29 03:00:00","1000.0","4.89517405","202.24000003","10.0"
"investment_asset_transaction_484_7b37c945","iShares S&P 500 UCITS ETF USD (Acc)","2017-01-22 03:00:00","1000.0","4.93470242","200.6200001","10.0"
"investment_asset_transaction_485_94a472c4","iShares S&P 500 UCITS ETF USD (Acc)","2017-01-15 03:00:00","1000.0","4.8751662","203.06999995","10.0"
"investment_asset_transaction_486_b6dc018a","iShares S&P 500 UCITS ETF USD (Acc)","2017-01-08 03:00:00","1000.0","4.85675039","203.8400001","10.0"
"investment_asset_transaction_487_8701892e","iShares S&P 500 UCITS ETF USD (Acc)","2017-01-01 03:00:00","1000.0","4.86677809","203.42000019","10.0"
"investment_asset_transaction_488_db24b737","iShares S&P 500 UCITS ETF USD (Acc)","2016-12-25 03:00:00","1000.0","4.82973949","204.97999986","10.0"
"investment_asset_transaction_489_d1f2f9ea","iShares S&P 500 UCITS ETF USD (Acc)","2016-12-18 03:00:00","1000.0","4.83044645","204.95000002","10.0"
"investment_asset_transaction_490_bb59312d","iShares S&P 500 UCITS ETF USD (Acc)","2016-12-11 15:00:00","1000.0","4.8269137","205.10000003","10.0"
"investment_asset_transaction_491_e3fdfc63","iShares S&P 500 UCITS ETF USD (Acc)","2016-12-04 15:00:00","1000.0","5.05876341","195.70000013","10.0"
"investment_asset_transaction_492_8548e474","iShares S&P 500 UCITS ETF USD (Acc)","2016-11-27 03:00:00","1000.0","5.02665651","196.95000007","10.0"
"investment_asset_transaction_493_69b188e2","iShares S&P 500 UCITS ETF USD (Acc)","2016-11-20 03:00:00","1000.0","5.07666274","195.00999982","10.0"
"investment_asset_transaction_494_cee0c1f4","iShares S&P 500 UCITS ETF USD (Acc)","2016-11-13 03:00:00","1000.0","5.23228159","189.21000007","10.0"
"investment_asset_transaction_495_32c5209a","iShares S&P 500 UCITS ETF USD (Acc)","2016-11-06 03:00:00","1000.0","5.50428111","179.85999992","10.0"
"investment_asset_transaction_496_dcf51233","iShares S&P 500 UCITS ETF USD (Acc)","2016-10-30 04:00:00","1000.0","5.38131217","183.97000002","10.0"
"investment_asset_transaction_497_584d7330","iShares S&P 500 UCITS ETF USD (Acc)","2016-10-23 04:00:00","1000.0","5.32429816","185.94000002","10.0"
"investment_asset_transaction_498_48ad3017","iShares S&P 500 UCITS ETF USD (Acc)","2016-10-16 04:00:00","1000.0","5.40954046","183.01000008","10.0"
"investment_asset_transaction_499_26368702","iShares S&P 500 UCITS ETF USD (Acc)","2016-10-09 04:00:00","1000.0","5.42317173","182.55000013","10.0"
"investment_asset_transaction_500_144478cd","iShares S&P 500 UCITS ETF USD (Acc)","2016-10-02 04:00:00","1000.0","5.43418597","182.18","10.0"
"investment_asset_transaction_501_bd803dc6","iShares S&P 500 UCITS ETF USD (Acc)","2016-09-25 04:00:00","1000.0","5.4702177","180.98000012","10.0"
"investment_asset_transaction_502_5900e408","iShares S&P 500 UCITS ETF USD (Acc)","2016-09-18 04:00:00","1000.0","5.47687541","180.76000016","10.0"
"investment_asset_transaction_503_a81652dd","iShares S&P 500 UCITS ETF USD (Acc)","2016-09-11 04:00:00","1000.0","5.49694614","180.10000003","10.0"
"investment_asset_transaction_504_d12d7512","iShares S&P 500 UCITS ETF USD (Acc)","2016-09-04 16:00:00","1000.0","5.38365327","183.89000003","10.0"
"investment_asset_transaction_505_3396cb22","iShares S&P 500 UCITS ETF USD (Acc)","2016-08-28 04:00:00","1000.0","5.40747214","183.08000011","10.0"
"investment_asset_transaction_506_661570a8","iShares S&P 500 UCITS ETF USD (Acc)","2016-08-21 04:00:00","1000.0","5.46568763","181.12999992","10.0"
"investment_asset_transaction_507_66f413e3","iShares S&P 500 UCITS ETF USD (Acc)","2016-08-14 04:00:00","1000.0","5.3816047","183.95999989","10.0"
"investment_asset_transaction_508_7da27891","iShares S&P 500 UCITS ETF USD (Acc)","2016-08-07 04:00:00","1000.0","5.34874926","185.0899999","10.0"
"investment_asset_transaction_509_bd50ebeb","iShares S&P 500 UCITS ETF USD (Acc)","2016-07-31 04:00:00","1000.0","5.41486627","182.82999997","10.0"
"investment_asset_transaction_510_0a9b498a","iShares S&P 500 UCITS ETF USD (Acc)","2016-07-24 04:00:00","1000.0","5.34038192","185.37999994","10.0"
"investment_asset_transaction_511_ba7a51f3","iShares S&P 500 UCITS ETF USD (Acc)","2016-07-17 04:00:00","1000.0","5.39774276","183.41000007","10.0"
"investment_asset_transaction_512_f8f26e95","iShares S&P 500 UCITS ETF USD (Acc)","2016-07-10 04:00:00","1000.0","5.4638777","181.18999992","10.0"
"investment_asset_transaction_513_3ff3441a","iShares S&P 500 UCITS ETF USD (Acc)","2016-07-03 04:00:00","1000.0","5.59006211","177.10000006","10.0"
"investment_asset_transaction_514_b67536f3","iShares S&P 500 UCITS ETF USD (Acc)","2016-06-26 04:00:00","1000.0","5.76284999","171.79000004","10.0"
"investment_asset_transaction_515_5c796a58","iShares S&P 500 UCITS ETF USD (Acc)","2016-06-19 04:00:00","1000.0","5.72784078","172.83999993","10.0"
"investment_asset_transaction_516_e5802f58","iShares S&P 500 UCITS ETF USD (Acc)","2016-06-12 04:00:00","1000.0","5.68671377","174.08999996","10.0"
