"id","asset_id","price","time"
"investment_timeseries_1210658","Bitcoin","52087.0625","2021-11-21 02:00:00"
"investment_timeseries_1210665","Bitcoin","50696.085938","2021-11-28 02:00:00"
"investment_timeseries_1210672","Bitcoin","43672.867188","2021-12-05 02:00:00"
"investment_timeseries_1210679","Bitcoin","44292.691406","2021-12-12 02:00:00"
"investment_timeseries_1210686","Bitcoin","41542.992188","2021-12-19 02:00:00"
"investment_timeseries_1210693","Bitcoin","44871.050781","2021-12-26 02:00:00"
"investment_timeseries_1210700","Bitcoin","41629.800781","2022-01-02 02:00:00"
"investment_timeseries_1210707","Bitcoin","36914.773438","2022-01-09 02:00:00"
"investment_timeseries_1210714","Bitcoin","37800.527344","2022-01-16 02:00:00"
"investment_timeseries_1210721","Bitcoin","31986.818359","2022-01-23 02:00:00"
"investment_timeseries_1210728","Bitcoin","33999.804688","2022-01-30 02:00:00"
"investment_timeseries_1210735","Bitcoin","37026.605469","2022-02-06 02:00:00"
"investment_timeseries_1210742","Bitcoin","37131.113281","2022-02-13 02:00:00"
"investment_timeseries_1210749","Bitcoin","33958.773438","2022-02-20 02:00:00"
"investment_timeseries_1210756","Bitcoin","33728.535156","2022-02-27 02:00:00"
"investment_timeseries_1210763","Bitcoin","35332.976563","2022-03-06 02:00:00"
"investment_timeseries_1210770","Bitcoin","34623.734375","2022-03-13 02:00:00"
"investment_timeseries_1210777","Bitcoin","37353.039063","2022-03-20 02:00:00"
"investment_timeseries_1210784","Bitcoin","42635.585938","2022-03-27 02:00:00"
"investment_timeseries_1210791","Bitcoin","42054.785156","2022-04-03 03:00:00"
"investment_timeseries_1210798","Bitcoin","38778.59375","2022-04-10 03:00:00"
"investment_timeseries_1210805","Bitcoin","36729.046875","2022-04-17 03:00:00"
"investment_timeseries_1210812","Bitcoin","36513.359375","2022-04-24 03:00:00"
"investment_timeseries_1210819","Bitcoin","36515.671875","2022-05-01 03:00:00"
"investment_timeseries_1210826","Bitcoin","32338.113281","2022-05-08 03:00:00"
"investment_timeseries_1210833","Bitcoin","30106.001953","2022-05-15 03:00:00"
"investment_timeseries_1210840","Bitcoin","28690.759766","2022-05-22 03:00:00"
"investment_timeseries_1210847","Bitcoin","27443.308594","2022-05-29 03:00:00"
"investment_timeseries_1210854","Bitcoin","27881.742188","2022-06-05 03:00:00"
"investment_timeseries_1210861","Bitcoin","25513.984375","2022-06-12 03:00:00"
"investment_timeseries_1210868","Bitcoin","18491.56","2022-06-19 17:54:03"
"investment_timeseries_1210875","Bitcoin","19904.45","2022-06-27 02:52:18"
"investment_timeseries_1210882","Bitcoin","18474.66","2022-07-04 02:51:48"
"investment_timeseries_1210889","Bitcoin","20504.62","2022-07-11 02:52:24"
"investment_timeseries_1210896","Bitcoin","20644.04","2022-07-18 02:51:50"
"investment_timeseries_1210903","Bitcoin","22183.36","2022-07-25 02:51:59"
"investment_timeseries_1210910","Bitcoin","22878.96","2022-08-01 02:51:43"
"investment_timeseries_1210917","Bitcoin","22782.73","2022-08-08 02:52:04"
"investment_timeseries_1210924","Bitcoin","23753.0","2022-08-15 02:45:34"
"investment_timeseries_1210931","Bitcoin","21450.439453","2022-08-21 03:00:00"
"investment_timeseries_1210938","Bitcoin","19742.873047","2022-08-28 03:00:00"
"investment_timeseries_1210945","Bitcoin","20170.0","2022-09-05 02:45:29"
"investment_timeseries_1210952","Bitcoin","21582.0","2022-09-12 02:45:58"
"investment_timeseries_1210959","Bitcoin","19358.0","2022-09-19 02:45:12"
"investment_timeseries_1210966","Bitcoin","19415.0","2022-09-26 02:59:58"
"investment_timeseries_1210973","Bitcoin","19431.0","2022-10-03 02:45:44"
"investment_timeseries_1210980","Bitcoin","19975.0","2022-10-10 02:46:02"
"investment_timeseries_1210987","Bitcoin","19755.0","2022-10-17 02:45:19"
"investment_timeseries_1210994","Bitcoin","19821.0","2022-10-24 02:45:32"
"investment_timeseries_1211001","Bitcoin","20719.0","2022-10-31 01:59:59"
"investment_timeseries_1211008","Bitcoin","21069.0","2022-11-07 01:45:18"
"investment_timeseries_1211015","Bitcoin","15758.0","2022-11-14 01:45:42"
"investment_timeseries_1211022","Bitcoin","15720.0","2022-11-21 01:45:44"
"investment_timeseries_1211029","Bitcoin","15833.0","2022-11-28 01:45:04"
"investment_timeseries_1211036","Bitcoin","16235.0","2022-12-05 01:45:17"
"investment_timeseries_1211043","Bitcoin","16224.0","2022-12-12 01:45:15"
"investment_timeseries_1211050","Bitcoin","15857.0","2022-12-19 01:45:18"
"investment_timeseries_1211057","Bitcoin","15839.0","2022-12-26 01:45:10"
"investment_timeseries_1211064","Bitcoin","15531.324","2023-01-02 01:59:23"
"investment_timeseries_1211071","Bitcoin","16004.913","2023-01-09 01:44:24"
"investment_timeseries_1211078","Bitcoin","19284.668","2023-01-16 01:58:24"
"investment_timeseries_1211085","Bitcoin","20912.432","2023-01-23 01:59:24"
"investment_timeseries_1211092","Bitcoin","21876.16","2023-01-30 01:58:24"
"investment_timeseries_1211099","Bitcoin","21278.566","2023-02-06 01:58:21"
"investment_timeseries_1211106","Bitcoin","20401.957","2023-02-13 01:59:29"
"investment_timeseries_1211113","Bitcoin","22782.133","2023-02-20 01:59:27"
"investment_timeseries_1211120","Bitcoin","22318.518","2023-02-27 01:44:28"
"investment_timeseries_1211127","Bitcoin","21114.648","2023-03-06 01:59:28"
"investment_timeseries_1211134","Bitcoin","20772.244","2023-03-13 01:59:25"
"investment_timeseries_1211141","Bitcoin","26232.852","2023-03-20 01:59:25"
"investment_timeseries_1211148","Bitcoin","26030.854","2023-03-27 02:44:24"
"investment_timeseries_1211155","Bitcoin","26106.58","2023-04-03 02:59:24"
"investment_timeseries_1211162","Bitcoin","25975.32","2023-04-10 02:58:26"
"investment_timeseries_1211169","Bitcoin","27597.82","2023-04-17 02:59:26"
"investment_timeseries_1211176","Bitcoin","24721.98","2023-04-23 18:30:31"
"investment_timeseries_1211183","Bitcoin","26601.87","2023-05-01 02:59:17"
"investment_timeseries_1211190","Bitcoin","25846.67","2023-05-08 02:58:17"
"investment_timeseries_1211197","Bitcoin","24811.46","2023-05-15 02:59:25"
"investment_timeseries_1211204","Bitcoin","24724.25","2023-05-22 02:58:31"
"investment_timeseries_1211211","Bitcoin","25394.99","2023-05-28 20:13:25"
"investment_timeseries_1211218","Bitcoin","25346.73","2023-06-05 02:59:27"
"investment_timeseries_1211225","Bitcoin","24123.57","2023-06-12 02:59:31"
"investment_timeseries_1211232","Bitcoin","24074.64","2023-06-19 02:59:28"
"investment_timeseries_1211239","Bitcoin","27936.99","2023-06-26 02:58:30"
"investment_timeseries_1211246","Bitcoin","28072.16","2023-07-03 02:59:27"
"investment_timeseries_1211253","Bitcoin","27506.63","2023-07-10 02:58:25"
"investment_timeseries_1211260","Bitcoin","26942.78","2023-07-17 02:59:03"
"investment_timeseries_1211267","Bitcoin","27033.16","2023-07-24 02:58:04"
"investment_timeseries_1211274","Bitcoin","26556.04","2023-07-31 02:59:04"
"investment_timeseries_1211281","Bitcoin","26395.88","2023-08-07 02:59:04"
"investment_timeseries_1211288","Bitcoin","26756.25","2023-08-14 02:59:04"
"investment_timeseries_1211295","Bitcoin","24090.33","2023-08-21 02:43:05"
"investment_timeseries_1211302","Bitcoin","24160.78","2023-08-28 02:59:00"
"investment_timeseries_1211309","Bitcoin","24073.05","2023-09-04 02:58:03"
"investment_timeseries_1211316","Bitcoin","24105.8","2023-09-11 02:59:05"
"investment_timeseries_1211323","Bitcoin","24875.31","2023-09-18 02:59:05"
"investment_timeseries_1211330","Bitcoin","24664.1","2023-09-25 02:58:04"
"investment_timeseries_1211337","Bitcoin","26487.97","2023-10-02 02:58:05"
"investment_timeseries_1211344","Bitcoin","26441.42","2023-10-09 02:58:03"
"investment_timeseries_1211351","Bitcoin","25808.57","2023-10-16 02:59:04"
"investment_timeseries_1211358","Bitcoin","28304.0","2023-10-23 02:45:05"
"investment_timeseries_1211365","Bitcoin","32695.54","2023-10-30 01:59:05"
"investment_timeseries_1211372","Bitcoin","32658.57","2023-11-06 01:58:05"
"investment_timeseries_1211379","Bitcoin","34661.43","2023-11-13 01:59:03"
"investment_timeseries_1211386","Bitcoin","34278.64","2023-11-20 01:58:05"
"investment_timeseries_1211393","Bitcoin","34258.81","2023-11-27 01:58:02"
"investment_timeseries_1211400","Bitcoin","36723.73","2023-12-04 01:59:05"
"investment_timeseries_1211407","Bitcoin","40668.27","2023-12-11 01:59:04"
"investment_timeseries_1211414","Bitcoin","37967.1","2023-12-18 01:59:04"
"investment_timeseries_1211421","Bitcoin","39045.22","2023-12-25 01:59:04"
"investment_timeseries_1211428","Bitcoin","38282.72","2024-01-01 01:59:04"
"investment_timeseries_1211435","Bitcoin","40153.07","2024-01-08 01:58:04"
"investment_timeseries_1211442","Bitcoin","38187.08","2024-01-15 01:59:00"
"investment_timeseries_1211449","Bitcoin","38250.55","2024-01-21 21:42:59"
"investment_timeseries_1211565","iShares S&P 500 UCITS ETF USD (Acc)","183.89","2016-09-04 15:00:00"
"investment_timeseries_1211656","iShares S&P 500 UCITS ETF USD (Acc)","195.7","2016-12-04 14:00:00"
"investment_timeseries_1211663","iShares S&P 500 UCITS ETF USD (Acc)","205.1","2016-12-11 14:00:00"
"investment_timeseries_1211964","iShares S&P 500 UCITS ETF USD (Acc)","207.98","2017-10-08 15:00:00"
"investment_timeseries_1213679","iShares S&P 500 UCITS ETF USD (Acc)","360.26","2022-06-19 19:56:02"
"investment_timeseries_4969670","Bitcoin","38761.94","2024-01-29 01:58:03"
"investment_timeseries_4969677","Bitcoin","39503.43","2024-02-05 01:59:03"
"investment_timeseries_7842625","iShares S&P 500 UCITS ETF USD (Acc)","174.09","2016-06-12 03:00:00"
"investment_timeseries_7842627","iShares S&P 500 UCITS ETF USD (Acc)","172.84","2016-06-19 03:00:00"
"investment_timeseries_7842629","iShares S&P 500 UCITS ETF USD (Acc)","171.79","2016-06-26 03:00:00"
"investment_timeseries_7842631","iShares S&P 500 UCITS ETF USD (Acc)","177.1","2016-07-03 03:00:00"
"investment_timeseries_7842633","iShares S&P 500 UCITS ETF USD (Acc)","181.19","2016-07-10 03:00:00"
"investment_timeseries_7842635","iShares S&P 500 UCITS ETF USD (Acc)","183.41","2016-07-17 03:00:00"
"investment_timeseries_7842637","iShares S&P 500 UCITS ETF USD (Acc)","185.38","2016-07-24 03:00:00"
"investment_timeseries_7842639","iShares S&P 500 UCITS ETF USD (Acc)","182.83","2016-07-31 03:00:00"
"investment_timeseries_7842641","iShares S&P 500 UCITS ETF USD (Acc)","185.09","2016-08-07 03:00:00"
"investment_timeseries_7842643","iShares S&P 500 UCITS ETF USD (Acc)","183.96","2016-08-14 03:00:00"
"investment_timeseries_7842645","iShares S&P 500 UCITS ETF USD (Acc)","181.13","2016-08-21 03:00:00"
"investment_timeseries_7842647","iShares S&P 500 UCITS ETF USD (Acc)","183.08","2016-08-28 03:00:00"
"investment_timeseries_7842650","iShares S&P 500 UCITS ETF USD (Acc)","180.1","2016-09-11 03:00:00"
"investment_timeseries_7842652","iShares S&P 500 UCITS ETF USD (Acc)","180.76","2016-09-18 03:00:00"
"investment_timeseries_7842654","iShares S&P 500 UCITS ETF USD (Acc)","180.98","2016-09-25 03:00:00"
"investment_timeseries_7842656","iShares S&P 500 UCITS ETF USD (Acc)","182.18","2016-10-02 03:00:00"
"investment_timeseries_7842659","iShares S&P 500 UCITS ETF USD (Acc)","182.55","2016-10-09 03:00:00"
"investment_timeseries_7842661","iShares S&P 500 UCITS ETF USD (Acc)","183.01","2016-10-16 03:00:00"
"investment_timeseries_7842663","iShares S&P 500 UCITS ETF USD (Acc)","185.94","2016-10-23 03:00:00"
"investment_timeseries_7842665","iShares S&P 500 UCITS ETF USD (Acc)","183.97","2016-10-30 03:00:00"
"investment_timeseries_7842667","iShares S&P 500 UCITS ETF USD (Acc)","179.86","2016-11-06 02:00:00"
"investment_timeseries_7842669","iShares S&P 500 UCITS ETF USD (Acc)","189.21","2016-11-13 02:00:00"
"investment_timeseries_7842671","iShares S&P 500 UCITS ETF USD (Acc)","195.01","2016-11-20 02:00:00"
"investment_timeseries_7842673","iShares S&P 500 UCITS ETF USD (Acc)","196.95","2016-11-27 02:00:00"
"investment_timeseries_7842677","iShares S&P 500 UCITS ETF USD (Acc)","204.95","2016-12-18 02:00:00"
"investment_timeseries_7842679","iShares S&P 500 UCITS ETF USD (Acc)","204.98","2016-12-25 02:00:00"
"investment_timeseries_7842682","iShares S&P 500 UCITS ETF USD (Acc)","203.42","2017-01-01 02:00:00"
"investment_timeseries_7842684","iShares S&P 500 UCITS ETF USD (Acc)","203.84","2017-01-08 02:00:00"
"investment_timeseries_7842686","iShares S&P 500 UCITS ETF USD (Acc)","203.07","2017-01-15 02:00:00"
"investment_timeseries_7842688","iShares S&P 500 UCITS ETF USD (Acc)","200.62","2017-01-22 02:00:00"
"investment_timeseries_7842690","iShares S&P 500 UCITS ETF USD (Acc)","202.24","2017-01-29 02:00:00"
"investment_timeseries_7842692","iShares S&P 500 UCITS ETF USD (Acc)","202.15","2017-02-05 02:00:00"
"investment_timeseries_7842694","iShares S&P 500 UCITS ETF USD (Acc)","207.03","2017-02-12 02:00:00"
"investment_timeseries_7842696","iShares S&P 500 UCITS ETF USD (Acc)","209.74","2017-02-19 02:00:00"
"investment_timeseries_7842698","iShares S&P 500 UCITS ETF USD (Acc)","211.48","2017-02-26 02:00:00"
"investment_timeseries_7842700","iShares S&P 500 UCITS ETF USD (Acc)","213.24","2017-03-05 02:00:00"
"investment_timeseries_7842702","iShares S&P 500 UCITS ETF USD (Acc)","211.13","2017-03-12 02:00:00"
"investment_timeseries_7842704","iShares S&P 500 UCITS ETF USD (Acc)","210.36","2017-03-19 02:00:00"
"investment_timeseries_7842706","iShares S&P 500 UCITS ETF USD (Acc)","205.45","2017-03-26 02:00:00"
"investment_timeseries_7842708","iShares S&P 500 UCITS ETF USD (Acc)","210.08","2017-04-02 03:00:00"
"investment_timeseries_7842710","iShares S&P 500 UCITS ETF USD (Acc)","211.2","2017-04-09 03:00:00"
"investment_timeseries_7842713","iShares S&P 500 UCITS ETF USD (Acc)","208.96","2017-04-16 03:00:00"
"investment_timeseries_7842716","iShares S&P 500 UCITS ETF USD (Acc)","208.37","2017-04-23 03:00:00"
"investment_timeseries_7842718","iShares S&P 500 UCITS ETF USD (Acc)","208.2","2017-04-30 03:00:00"
"investment_timeseries_7842721","iShares S&P 500 UCITS ETF USD (Acc)","207.86","2017-05-07 03:00:00"
"investment_timeseries_7842723","iShares S&P 500 UCITS ETF USD (Acc)","208.41","2017-05-14 03:00:00"
"investment_timeseries_7842725","iShares S&P 500 UCITS ETF USD (Acc)","202.81","2017-05-21 03:00:00"
"investment_timeseries_7842727","iShares S&P 500 UCITS ETF USD (Acc)","205.98","2017-05-28 03:00:00"
"investment_timeseries_7842729","iShares S&P 500 UCITS ETF USD (Acc)","205.83","2017-06-04 03:00:00"
"investment_timeseries_7842731","iShares S&P 500 UCITS ETF USD (Acc)","207.48","2017-06-11 03:00:00"
"investment_timeseries_7842733","iShares S&P 500 UCITS ETF USD (Acc)","208.07","2017-06-18 03:00:00"
"investment_timeseries_7842735","iShares S&P 500 UCITS ETF USD (Acc)","207.76","2017-06-25 03:00:00"
"investment_timeseries_7842737","iShares S&P 500 UCITS ETF USD (Acc)","203.77","2017-07-02 03:00:00"
"investment_timeseries_7842739","iShares S&P 500 UCITS ETF USD (Acc)","203.3","2017-07-09 03:00:00"
"investment_timeseries_7842741","iShares S&P 500 UCITS ETF USD (Acc)","204.67","2017-07-16 03:00:00"
"investment_timeseries_7842743","iShares S&P 500 UCITS ETF USD (Acc)","202.47","2017-07-23 03:00:00"
"investment_timeseries_7842745","iShares S&P 500 UCITS ETF USD (Acc)","200.51","2017-07-30 03:00:00"
"investment_timeseries_7842747","iShares S&P 500 UCITS ETF USD (Acc)","201.09","2017-08-06 03:00:00"
"investment_timeseries_7842749","iShares S&P 500 UCITS ETF USD (Acc)","199.11","2017-08-13 03:00:00"
"investment_timeseries_7842751","iShares S&P 500 UCITS ETF USD (Acc)","197.35","2017-08-20 03:00:00"
"investment_timeseries_7842753","iShares S&P 500 UCITS ETF USD (Acc)","196.15","2017-08-27 03:00:00"
"investment_timeseries_7842755","iShares S&P 500 UCITS ETF USD (Acc)","198.94","2017-09-03 03:00:00"
"investment_timeseries_7842757","iShares S&P 500 UCITS ETF USD (Acc)","197.4","2017-09-10 03:00:00"
"investment_timeseries_7842759","iShares S&P 500 UCITS ETF USD (Acc)","200.53","2017-09-17 03:00:00"
"investment_timeseries_7842761","iShares S&P 500 UCITS ETF USD (Acc)","200.76","2017-09-24 03:00:00"
"investment_timeseries_7842763","iShares S&P 500 UCITS ETF USD (Acc)","205.07","2017-10-01 03:00:00"
"investment_timeseries_7842766","iShares S&P 500 UCITS ETF USD (Acc)","207.29","2017-10-15 03:00:00"
"investment_timeseries_7842768","iShares S&P 500 UCITS ETF USD (Acc)","209.82","2017-10-22 03:00:00"
"investment_timeseries_7842770","iShares S&P 500 UCITS ETF USD (Acc)","212.8","2017-10-29 03:00:00"
"investment_timeseries_7842772","iShares S&P 500 UCITS ETF USD (Acc)","214.05","2017-11-05 02:00:00"
"investment_timeseries_7842774","iShares S&P 500 UCITS ETF USD (Acc)","212.48","2017-11-12 02:00:00"
"investment_timeseries_7842776","iShares S&P 500 UCITS ETF USD (Acc)","210.7","2017-11-19 02:00:00"
"investment_timeseries_7842778","iShares S&P 500 UCITS ETF USD (Acc)","209.51","2017-11-26 02:00:00"
"investment_timeseries_7842780","iShares S&P 500 UCITS ETF USD (Acc)","213.06","2017-12-03 02:00:00"
"investment_timeseries_7842782","iShares S&P 500 UCITS ETF USD (Acc)","216.39","2017-12-10 02:00:00"
"investment_timeseries_7842784","iShares S&P 500 UCITS ETF USD (Acc)","219.03","2017-12-17 02:00:00"
"investment_timeseries_7842786","iShares S&P 500 UCITS ETF USD (Acc)","217.58","2017-12-24 02:00:00"
"investment_timeseries_7842790","iShares S&P 500 UCITS ETF USD (Acc)","215.78","2017-12-31 02:00:00"
"investment_timeseries_7842793","iShares S&P 500 UCITS ETF USD (Acc)","219.59","2018-01-07 02:00:00"
"investment_timeseries_7842795","iShares S&P 500 UCITS ETF USD (Acc)","220.05","2018-01-14 02:00:00"
"investment_timeseries_7842797","iShares S&P 500 UCITS ETF USD (Acc)","221.07","2018-01-21 02:00:00"
"investment_timeseries_7842799","iShares S&P 500 UCITS ETF USD (Acc)","222.2","2018-01-28 02:00:00"
"investment_timeseries_7842801","iShares S&P 500 UCITS ETF USD (Acc)","214.8","2018-02-04 02:00:00"
"investment_timeseries_7842803","iShares S&P 500 UCITS ETF USD (Acc)","205.57","2018-02-11 02:00:00"
"investment_timeseries_7842805","iShares S&P 500 UCITS ETF USD (Acc)","212.35","2018-02-18 02:00:00"
"investment_timeseries_7842807","iShares S&P 500 UCITS ETF USD (Acc)","215.14","2018-02-25 02:00:00"
"investment_timeseries_7842809","iShares S&P 500 UCITS ETF USD (Acc)","210.13","2018-03-04 02:00:00"
"investment_timeseries_7842811","iShares S&P 500 UCITS ETF USD (Acc)","217.49","2018-03-11 02:00:00"
"investment_timeseries_7842813","iShares S&P 500 UCITS ETF USD (Acc)","214.43","2018-03-18 02:00:00"
"investment_timeseries_7842815","iShares S&P 500 UCITS ETF USD (Acc)","204.33","2018-03-25 02:00:00"
"investment_timeseries_7842818","iShares S&P 500 UCITS ETF USD (Acc)","205.46","2018-04-01 03:00:00"
"investment_timeseries_7842821","iShares S&P 500 UCITS ETF USD (Acc)","207.37","2018-04-08 03:00:00"
"investment_timeseries_7842823","iShares S&P 500 UCITS ETF USD (Acc)","208.86","2018-04-15 03:00:00"
"investment_timeseries_7842825","iShares S&P 500 UCITS ETF USD (Acc)","211.4","2018-04-22 03:00:00"
"investment_timeseries_7842827","iShares S&P 500 UCITS ETF USD (Acc)","213.75","2018-04-29 03:00:00"
"investment_timeseries_7842830","iShares S&P 500 UCITS ETF USD (Acc)","216.18","2018-05-06 03:00:00"
"investment_timeseries_7842832","iShares S&P 500 UCITS ETF USD (Acc)","221.16","2018-05-13 03:00:00"
"investment_timeseries_7842834","iShares S&P 500 UCITS ETF USD (Acc)","223.53","2018-05-20 03:00:00"
"investment_timeseries_7842836","iShares S&P 500 UCITS ETF USD (Acc)","226.48","2018-05-27 03:00:00"
"investment_timeseries_7842838","iShares S&P 500 UCITS ETF USD (Acc)","227.11","2018-06-03 03:00:00"
"investment_timeseries_7842840","iShares S&P 500 UCITS ETF USD (Acc)","228.29","2018-06-10 03:00:00"
"investment_timeseries_7842842","iShares S&P 500 UCITS ETF USD (Acc)","231.05","2018-06-17 03:00:00"
"investment_timeseries_7842844","iShares S&P 500 UCITS ETF USD (Acc)","227.38","2018-06-24 03:00:00"
"investment_timeseries_7842846","iShares S&P 500 UCITS ETF USD (Acc)","226.98","2018-07-01 03:00:00"
"investment_timeseries_7842848","iShares S&P 500 UCITS ETF USD (Acc)","228.6","2018-07-08 03:00:00"
"investment_timeseries_7842850","iShares S&P 500 UCITS ETF USD (Acc)","232.56","2018-07-15 03:00:00"
"investment_timeseries_7842852","iShares S&P 500 UCITS ETF USD (Acc)","232.67","2018-07-22 03:00:00"
"investment_timeseries_7842854","iShares S&P 500 UCITS ETF USD (Acc)","234.36","2018-07-29 03:00:00"
"investment_timeseries_7842856","iShares S&P 500 UCITS ETF USD (Acc)","238.02","2018-08-05 03:00:00"
"investment_timeseries_7842858","iShares S&P 500 UCITS ETF USD (Acc)","241.48","2018-08-12 03:00:00"
"investment_timeseries_7842860","iShares S&P 500 UCITS ETF USD (Acc)","242.32","2018-08-19 03:00:00"
"investment_timeseries_7842862","iShares S&P 500 UCITS ETF USD (Acc)","240.74","2018-08-26 03:00:00"
"investment_timeseries_7842864","iShares S&P 500 UCITS ETF USD (Acc)","243.14","2018-09-02 03:00:00"
"investment_timeseries_7842866","iShares S&P 500 UCITS ETF USD (Acc)","241.88","2018-09-09 03:00:00"
"investment_timeseries_7842868","iShares S&P 500 UCITS ETF USD (Acc)","241.92","2018-09-16 03:00:00"
"investment_timeseries_7842870","iShares S&P 500 UCITS ETF USD (Acc)","242.29","2018-09-23 03:00:00"
"investment_timeseries_7842872","iShares S&P 500 UCITS ETF USD (Acc)","245.7","2018-09-30 03:00:00"
"investment_timeseries_7842875","iShares S&P 500 UCITS ETF USD (Acc)","244.11","2018-10-07 03:00:00"
"investment_timeseries_7842877","iShares S&P 500 UCITS ETF USD (Acc)","232.75","2018-10-14 03:00:00"
"investment_timeseries_7842879","iShares S&P 500 UCITS ETF USD (Acc)","235.3","2018-10-21 03:00:00"
"investment_timeseries_7842881","iShares S&P 500 UCITS ETF USD (Acc)","228.36","2018-10-28 03:00:00"
"investment_timeseries_7842883","iShares S&P 500 UCITS ETF USD (Acc)","232.79","2018-11-04 02:00:00"
"investment_timeseries_7842885","iShares S&P 500 UCITS ETF USD (Acc)","238.39","2018-11-11 02:00:00"
"investment_timeseries_7842887","iShares S&P 500 UCITS ETF USD (Acc)","231.82","2018-11-18 02:00:00"
"investment_timeseries_7842889","iShares S&P 500 UCITS ETF USD (Acc)","228.21","2018-11-25 02:00:00"
"investment_timeseries_7842891","iShares S&P 500 UCITS ETF USD (Acc)","237.66","2018-12-02 02:00:00"
"investment_timeseries_7842893","iShares S&P 500 UCITS ETF USD (Acc)","225.27","2018-12-09 02:00:00"
"investment_timeseries_7842895","iShares S&P 500 UCITS ETF USD (Acc)","225.04","2018-12-16 02:00:00"
"investment_timeseries_7842897","iShares S&P 500 UCITS ETF USD (Acc)","211.5","2018-12-23 02:00:00"
"investment_timeseries_7842902","iShares S&P 500 UCITS ETF USD (Acc)","214.38","2018-12-30 02:00:00"
"investment_timeseries_7842906","iShares S&P 500 UCITS ETF USD (Acc)","216.72","2019-01-06 02:00:00"
"investment_timeseries_7842908","iShares S&P 500 UCITS ETF USD (Acc)","220.45","2019-01-13 02:00:00"
"investment_timeseries_7842910","iShares S&P 500 UCITS ETF USD (Acc)","229.45","2019-01-20 02:00:00"
"investment_timeseries_7842912","iShares S&P 500 UCITS ETF USD (Acc)","227.03","2019-01-27 02:00:00"
"investment_timeseries_7842914","iShares S&P 500 UCITS ETF USD (Acc)","231.77","2019-02-03 02:00:00"
"investment_timeseries_7842916","iShares S&P 500 UCITS ETF USD (Acc)","233.63","2019-02-10 02:00:00"
"investment_timeseries_7842918","iShares S&P 500 UCITS ETF USD (Acc)","240.58","2019-02-17 02:00:00"
"investment_timeseries_7842920","iShares S&P 500 UCITS ETF USD (Acc)","242.07","2019-02-24 02:00:00"
"investment_timeseries_7842922","iShares S&P 500 UCITS ETF USD (Acc)","241.35","2019-03-03 02:00:00"
"investment_timeseries_7842924","iShares S&P 500 UCITS ETF USD (Acc)","240.43","2019-03-10 02:00:00"
"investment_timeseries_7842926","iShares S&P 500 UCITS ETF USD (Acc)","245.01","2019-03-17 02:00:00"
"investment_timeseries_7842928","iShares S&P 500 UCITS ETF USD (Acc)","243.44","2019-03-24 02:00:00"
"investment_timeseries_7842930","iShares S&P 500 UCITS ETF USD (Acc)","248.82","2019-03-31 02:00:00"
"investment_timeseries_7842932","iShares S&P 500 UCITS ETF USD (Acc)","252.53","2019-04-07 03:00:00"
"investment_timeseries_7842934","iShares S&P 500 UCITS ETF USD (Acc)","252.15","2019-04-14 03:00:00"
"investment_timeseries_7842937","iShares S&P 500 UCITS ETF USD (Acc)","255.18","2019-04-21 03:00:00"
"investment_timeseries_7842940","iShares S&P 500 UCITS ETF USD (Acc)","258.65","2019-04-28 03:00:00"
"investment_timeseries_7842943","iShares S&P 500 UCITS ETF USD (Acc)","257.22","2019-05-05 03:00:00"
"investment_timeseries_7842945","iShares S&P 500 UCITS ETF USD (Acc)","247.04","2019-05-12 03:00:00"
"investment_timeseries_7842947","iShares S&P 500 UCITS ETF USD (Acc)","252.16","2019-05-19 03:00:00"
"investment_timeseries_7842949","iShares S&P 500 UCITS ETF USD (Acc)","248.57","2019-05-26 03:00:00"
"investment_timeseries_7842951","iShares S&P 500 UCITS ETF USD (Acc)","243.3","2019-06-02 03:00:00"
"investment_timeseries_7842953","iShares S&P 500 UCITS ETF USD (Acc)","250.52","2019-06-09 03:00:00"
"investment_timeseries_7842956","iShares S&P 500 UCITS ETF USD (Acc)","253.69","2019-06-16 03:00:00"
"investment_timeseries_7842958","iShares S&P 500 UCITS ETF USD (Acc)","256.56","2019-06-23 03:00:00"
"investment_timeseries_7842960","iShares S&P 500 UCITS ETF USD (Acc)","256.31","2019-06-30 03:00:00"
"investment_timeseries_7842962","iShares S&P 500 UCITS ETF USD (Acc)","261.8","2019-07-07 03:00:00"
"investment_timeseries_7842964","iShares S&P 500 UCITS ETF USD (Acc)","263.77","2019-07-14 03:00:00"
"investment_timeseries_7842966","iShares S&P 500 UCITS ETF USD (Acc)","262.88","2019-07-21 03:00:00"
"investment_timeseries_7842968","iShares S&P 500 UCITS ETF USD (Acc)","267.9","2019-07-28 03:00:00"
"investment_timeseries_7842970","iShares S&P 500 UCITS ETF USD (Acc)","256.27","2019-08-04 03:00:00"
"investment_timeseries_7842972","iShares S&P 500 UCITS ETF USD (Acc)","255.21","2019-08-11 03:00:00"
"investment_timeseries_7842974","iShares S&P 500 UCITS ETF USD (Acc)","258.93","2019-08-18 03:00:00"
"investment_timeseries_7842976","iShares S&P 500 UCITS ETF USD (Acc)","255.33","2019-08-25 03:00:00"
"investment_timeseries_7842978","iShares S&P 500 UCITS ETF USD (Acc)","262.89","2019-09-01 03:00:00"
"investment_timeseries_7842980","iShares S&P 500 UCITS ETF USD (Acc)","267.06","2019-09-08 03:00:00"
"investment_timeseries_7842982","iShares S&P 500 UCITS ETF USD (Acc)","269.47","2019-09-15 03:00:00"
"investment_timeseries_7842984","iShares S&P 500 UCITS ETF USD (Acc)","270.16","2019-09-22 03:00:00"
"investment_timeseries_7842986","iShares S&P 500 UCITS ETF USD (Acc)","270.18","2019-09-29 03:00:00"
"investment_timeseries_7842989","iShares S&P 500 UCITS ETF USD (Acc)","265.52","2019-10-06 03:00:00"
"investment_timeseries_7842991","iShares S&P 500 UCITS ETF USD (Acc)","267.74","2019-10-13 03:00:00"
"investment_timeseries_7842993","iShares S&P 500 UCITS ETF USD (Acc)","266.45","2019-10-20 03:00:00"
"investment_timeseries_7842995","iShares S&P 500 UCITS ETF USD (Acc)","270.85","2019-10-27 03:00:00"
"investment_timeseries_7842997","iShares S&P 500 UCITS ETF USD (Acc)","272.87","2019-11-03 02:00:00"
"investment_timeseries_7842999","iShares S&P 500 UCITS ETF USD (Acc)","277.16","2019-11-10 02:00:00"
"investment_timeseries_7843001","iShares S&P 500 UCITS ETF USD (Acc)","279.6","2019-11-17 02:00:00"
"investment_timeseries_7843003","iShares S&P 500 UCITS ETF USD (Acc)","280.71","2019-11-24 02:00:00"
"investment_timeseries_7843005","iShares S&P 500 UCITS ETF USD (Acc)","281.06","2019-12-01 02:00:00"
"investment_timeseries_7843007","iShares S&P 500 UCITS ETF USD (Acc)","282.66","2019-12-08 02:00:00"
"investment_timeseries_7843009","iShares S&P 500 UCITS ETF USD (Acc)","283.72","2019-12-15 02:00:00"
"investment_timeseries_7843011","iShares S&P 500 UCITS ETF USD (Acc)","289.26","2019-12-22 02:00:00"
"investment_timeseries_7843016","iShares S&P 500 UCITS ETF USD (Acc)","288.25","2019-12-29 02:00:00"
"investment_timeseries_7843020","iShares S&P 500 UCITS ETF USD (Acc)","287.75","2020-01-05 02:00:00"
"investment_timeseries_7843022","iShares S&P 500 UCITS ETF USD (Acc)","292.86","2020-01-12 02:00:00"
"investment_timeseries_7843024","iShares S&P 500 UCITS ETF USD (Acc)","298.1","2020-01-19 02:00:00"
"investment_timeseries_7843026","iShares S&P 500 UCITS ETF USD (Acc)","296.16","2020-01-26 02:00:00"
"investment_timeseries_7843028","iShares S&P 500 UCITS ETF USD (Acc)","291.75","2020-02-02 02:00:00"
"investment_timeseries_7843030","iShares S&P 500 UCITS ETF USD (Acc)","304.06","2020-02-09 02:00:00"
"investment_timeseries_7843032","iShares S&P 500 UCITS ETF USD (Acc)","310.98","2020-02-16 02:00:00"
"investment_timeseries_7843034","iShares S&P 500 UCITS ETF USD (Acc)","302.32","2020-02-23 02:00:00"
"investment_timeseries_7843036","iShares S&P 500 UCITS ETF USD (Acc)","267.03","2020-03-01 02:00:00"
"investment_timeseries_7843038","iShares S&P 500 UCITS ETF USD (Acc)","251.58","2020-03-08 02:00:00"
"investment_timeseries_7843040","iShares S&P 500 UCITS ETF USD (Acc)","227.15","2020-03-15 02:00:00"
"investment_timeseries_7843042","iShares S&P 500 UCITS ETF USD (Acc)","214.34","2020-03-22 02:00:00"
"investment_timeseries_7843044","iShares S&P 500 UCITS ETF USD (Acc)","232.69","2020-03-29 02:00:00"
"investment_timeseries_7843046","iShares S&P 500 UCITS ETF USD (Acc)","235.68","2020-04-05 03:00:00"
"investment_timeseries_7843049","iShares S&P 500 UCITS ETF USD (Acc)","256.16","2020-04-12 03:00:00"
"investment_timeseries_7843052","iShares S&P 500 UCITS ETF USD (Acc)","261.98","2020-04-19 03:00:00"
"investment_timeseries_7843054","iShares S&P 500 UCITS ETF USD (Acc)","261.94","2020-04-26 03:00:00"
"investment_timeseries_7843057","iShares S&P 500 UCITS ETF USD (Acc)","260.72","2020-05-03 03:00:00"
"investment_timeseries_7843059","iShares S&P 500 UCITS ETF USD (Acc)","269.51","2020-05-10 03:00:00"
"investment_timeseries_7843061","iShares S&P 500 UCITS ETF USD (Acc)","266.74","2020-05-17 03:00:00"
"investment_timeseries_7843063","iShares S&P 500 UCITS ETF USD (Acc)","272.46","2020-05-24 03:00:00"
"investment_timeseries_7843065","iShares S&P 500 UCITS ETF USD (Acc)","272.23","2020-05-31 03:00:00"
"investment_timeseries_7843068","iShares S&P 500 UCITS ETF USD (Acc)","284.34","2020-06-07 03:00:00"
"investment_timeseries_7843070","iShares S&P 500 UCITS ETF USD (Acc)","269.37","2020-06-14 03:00:00"
"investment_timeseries_7843072","iShares S&P 500 UCITS ETF USD (Acc)","278.26","2020-06-21 03:00:00"
"investment_timeseries_7843074","iShares S&P 500 UCITS ETF USD (Acc)","270.86","2020-06-28 03:00:00"
"investment_timeseries_7843076","iShares S&P 500 UCITS ETF USD (Acc)","280.28","2020-07-05 03:00:00"
"investment_timeseries_7843078","iShares S&P 500 UCITS ETF USD (Acc)","282.65","2020-07-12 03:00:00"
"investment_timeseries_7843080","iShares S&P 500 UCITS ETF USD (Acc)","283.1","2020-07-19 03:00:00"
"investment_timeseries_7843082","iShares S&P 500 UCITS ETF USD (Acc)","276.15","2020-07-26 03:00:00"
"investment_timeseries_7843084","iShares S&P 500 UCITS ETF USD (Acc)","278.49","2020-08-02 03:00:00"
"investment_timeseries_7843086","iShares S&P 500 UCITS ETF USD (Acc)","285.45","2020-08-09 03:00:00"
"investment_timeseries_7843088","iShares S&P 500 UCITS ETF USD (Acc)","286.42","2020-08-16 03:00:00"
"investment_timeseries_7843090","iShares S&P 500 UCITS ETF USD (Acc)","289.88","2020-08-23 03:00:00"
"investment_timeseries_7843092","iShares S&P 500 UCITS ETF USD (Acc)","294.59","2020-08-30 03:00:00"
"investment_timeseries_7843094","iShares S&P 500 UCITS ETF USD (Acc)","289.85","2020-09-06 03:00:00"
"investment_timeseries_7843096","iShares S&P 500 UCITS ETF USD (Acc)","286.22","2020-09-13 03:00:00"
"investment_timeseries_7843098","iShares S&P 500 UCITS ETF USD (Acc)","279.79","2020-09-20 03:00:00"
"investment_timeseries_7843100","iShares S&P 500 UCITS ETF USD (Acc)","285.88","2020-09-27 03:00:00"
"investment_timeseries_7843102","iShares S&P 500 UCITS ETF USD (Acc)","288.74","2020-10-04 03:00:00"
"investment_timeseries_7843104","iShares S&P 500 UCITS ETF USD (Acc)","297.92","2020-10-11 03:00:00"
"investment_timeseries_7843106","iShares S&P 500 UCITS ETF USD (Acc)","298.78","2020-10-18 03:00:00"
"investment_timeseries_7843108","iShares S&P 500 UCITS ETF USD (Acc)","290.91","2020-10-25 03:00:00"
"investment_timeseries_7843110","iShares S&P 500 UCITS ETF USD (Acc)","284.26","2020-11-01 02:00:00"
"investment_timeseries_7843112","iShares S&P 500 UCITS ETF USD (Acc)","302.6","2020-11-08 02:00:00"
"investment_timeseries_7843114","iShares S&P 500 UCITS ETF USD (Acc)","305.92","2020-11-15 02:00:00"
"investment_timeseries_7843116","iShares S&P 500 UCITS ETF USD (Acc)","303.73","2020-11-22 02:00:00"
"investment_timeseries_7843118","iShares S&P 500 UCITS ETF USD (Acc)","305.34","2020-11-29 02:00:00"
"investment_timeseries_7843120","iShares S&P 500 UCITS ETF USD (Acc)","306.87","2020-12-06 02:00:00"
"investment_timeseries_7843122","iShares S&P 500 UCITS ETF USD (Acc)","304.41","2020-12-13 02:00:00"
"investment_timeseries_7843124","iShares S&P 500 UCITS ETF USD (Acc)","303.75","2020-12-20 02:00:00"
"investment_timeseries_7843128","iShares S&P 500 UCITS ETF USD (Acc)","307.83","2020-12-27 02:00:00"
"investment_timeseries_7843132","iShares S&P 500 UCITS ETF USD (Acc)","305.11","2021-01-03 02:00:00"
"investment_timeseries_7843134","iShares S&P 500 UCITS ETF USD (Acc)","315.16","2021-01-10 02:00:00"
"investment_timeseries_7843136","iShares S&P 500 UCITS ETF USD (Acc)","315.37","2021-01-17 02:00:00"
"investment_timeseries_7843138","iShares S&P 500 UCITS ETF USD (Acc)","318.33","2021-01-24 02:00:00"
"investment_timeseries_7843140","iShares S&P 500 UCITS ETF USD (Acc)","312.43","2021-01-31 02:00:00"
"investment_timeseries_7843142","iShares S&P 500 UCITS ETF USD (Acc)","326.73","2021-02-07 02:00:00"
"investment_timeseries_7843144","iShares S&P 500 UCITS ETF USD (Acc)","328.3","2021-02-14 02:00:00"
"investment_timeseries_7843146","iShares S&P 500 UCITS ETF USD (Acc)","325.39","2021-02-21 02:00:00"
"investment_timeseries_7843148","iShares S&P 500 UCITS ETF USD (Acc)","324.05","2021-02-28 02:00:00"
"investment_timeseries_7843150","iShares S&P 500 UCITS ETF USD (Acc)","323.94","2021-03-07 02:00:00"
"investment_timeseries_7843152","iShares S&P 500 UCITS ETF USD (Acc)","333.28","2021-03-14 02:00:00"
"investment_timeseries_7843154","iShares S&P 500 UCITS ETF USD (Acc)","333.88","2021-03-21 02:00:00"
"investment_timeseries_7843156","iShares S&P 500 UCITS ETF USD (Acc)","339.13","2021-03-28 02:00:00"
"investment_timeseries_7843159","iShares S&P 500 UCITS ETF USD (Acc)","346.77","2021-04-04 03:00:00"
"investment_timeseries_7843162","iShares S&P 500 UCITS ETF USD (Acc)","349.94","2021-04-11 03:00:00"
"investment_timeseries_7843164","iShares S&P 500 UCITS ETF USD (Acc)","351.93","2021-04-18 03:00:00"
"investment_timeseries_7843166","iShares S&P 500 UCITS ETF USD (Acc)","351.05","2021-04-25 03:00:00"
"investment_timeseries_7843168","iShares S&P 500 UCITS ETF USD (Acc)","352.5","2021-05-02 03:00:00"
"investment_timeseries_7843170","iShares S&P 500 UCITS ETF USD (Acc)","352.89","2021-05-09 03:00:00"
"investment_timeseries_7843172","iShares S&P 500 UCITS ETF USD (Acc)","347.1","2021-05-16 03:00:00"
"investment_timeseries_7843174","iShares S&P 500 UCITS ETF USD (Acc)","347.13","2021-05-23 03:00:00"
"investment_timeseries_7843177","iShares S&P 500 UCITS ETF USD (Acc)","349.33","2021-05-30 03:00:00"
"investment_timeseries_7843179","iShares S&P 500 UCITS ETF USD (Acc)","351.4","2021-06-06 03:00:00"
"investment_timeseries_7843181","iShares S&P 500 UCITS ETF USD (Acc)","355.14","2021-06-13 03:00:00"
"investment_timeseries_7843183","iShares S&P 500 UCITS ETF USD (Acc)","358.5","2021-06-20 03:00:00"
"investment_timeseries_7843185","iShares S&P 500 UCITS ETF USD (Acc)","363.84","2021-06-27 03:00:00"
"investment_timeseries_7843187","iShares S&P 500 UCITS ETF USD (Acc)","372.15","2021-07-04 03:00:00"
"investment_timeseries_7843189","iShares S&P 500 UCITS ETF USD (Acc)","374.22","2021-07-11 03:00:00"
"investment_timeseries_7843191","iShares S&P 500 UCITS ETF USD (Acc)","370.62","2021-07-18 03:00:00"
"investment_timeseries_7843193","iShares S&P 500 UCITS ETF USD (Acc)","380.29","2021-07-25 03:00:00"
"investment_timeseries_7843195","iShares S&P 500 UCITS ETF USD (Acc)","376.99","2021-08-01 03:00:00"
"investment_timeseries_7843197","iShares S&P 500 UCITS ETF USD (Acc)","383.14","2021-08-08 03:00:00"
"investment_timeseries_7843199","iShares S&P 500 UCITS ETF USD (Acc)","384.47","2021-08-15 03:00:00"
"investment_timeseries_7843201","iShares S&P 500 UCITS ETF USD (Acc)","387.33","2021-08-22 03:00:00"
"investment_timeseries_7843203","iShares S&P 500 UCITS ETF USD (Acc)","389.84","2021-08-29 03:00:00"
"investment_timeseries_7843205","iShares S&P 500 UCITS ETF USD (Acc)","389.23","2021-09-05 03:00:00"
"investment_timeseries_7843207","iShares S&P 500 UCITS ETF USD (Acc)","385.02","2021-09-12 03:00:00"
"investment_timeseries_7843209","iShares S&P 500 UCITS ETF USD (Acc)","381.43","2021-09-19 03:00:00"
"investment_timeseries_7843211","iShares S&P 500 UCITS ETF USD (Acc)","386.45","2021-09-26 03:00:00"
"investment_timeseries_7843213","iShares S&P 500 UCITS ETF USD (Acc)","377.66","2021-10-03 03:00:00"
"investment_timeseries_7843215","iShares S&P 500 UCITS ETF USD (Acc)","387.59","2021-10-10 03:00:00"
"investment_timeseries_7843217","iShares S&P 500 UCITS ETF USD (Acc)","392.7","2021-10-17 03:00:00"
"investment_timeseries_7843219","iShares S&P 500 UCITS ETF USD (Acc)","398.47","2021-10-24 03:00:00"
"investment_timeseries_7843221","iShares S&P 500 UCITS ETF USD (Acc)","405.12","2021-10-31 03:00:00"
"investment_timeseries_7843223","iShares S&P 500 UCITS ETF USD (Acc)","414.29","2021-11-07 02:00:00"
"investment_timeseries_7843225","iShares S&P 500 UCITS ETF USD (Acc)","417.58","2021-11-14 02:00:00"
"investment_timeseries_7843227","iShares S&P 500 UCITS ETF USD (Acc)","426.32","2021-11-21 02:00:00"
"investment_timeseries_7843229","iShares S&P 500 UCITS ETF USD (Acc)","417.28","2021-11-28 02:00:00"
"investment_timeseries_7843231","iShares S&P 500 UCITS ETF USD (Acc)","412.12","2021-12-05 02:00:00"
"investment_timeseries_7843233","iShares S&P 500 UCITS ETF USD (Acc)","422.41","2021-12-12 02:00:00"
"investment_timeseries_7843235","iShares S&P 500 UCITS ETF USD (Acc)","415.02","2021-12-19 02:00:00"
"investment_timeseries_7843238","iShares S&P 500 UCITS ETF USD (Acc)","428.78","2021-12-26 02:00:00"
"investment_timeseries_7843240","iShares S&P 500 UCITS ETF USD (Acc)","432.28","2022-01-02 02:00:00"
"investment_timeseries_7843242","iShares S&P 500 UCITS ETF USD (Acc)","418.43","2022-01-09 02:00:00"
"investment_timeseries_7843244","iShares S&P 500 UCITS ETF USD (Acc)","416.3","2022-01-16 02:00:00"
"investment_timeseries_7843246","iShares S&P 500 UCITS ETF USD (Acc)","395.38","2022-01-23 02:00:00"
"investment_timeseries_7843248","iShares S&P 500 UCITS ETF USD (Acc)","403.11","2022-01-30 02:00:00"
"investment_timeseries_7843250","iShares S&P 500 UCITS ETF USD (Acc)","400.88","2022-02-06 02:00:00"
"investment_timeseries_7843252","iShares S&P 500 UCITS ETF USD (Acc)","400.31","2022-02-13 02:00:00"
"investment_timeseries_7843254","iShares S&P 500 UCITS ETF USD (Acc)","390.78","2022-02-20 02:00:00"
"investment_timeseries_7843256","iShares S&P 500 UCITS ETF USD (Acc)","397.79","2022-02-27 02:00:00"
"investment_timeseries_7843258","iShares S&P 500 UCITS ETF USD (Acc)","401.49","2022-03-06 02:00:00"
"investment_timeseries_7843260","iShares S&P 500 UCITS ETF USD (Acc)","394.06","2022-03-13 02:00:00"
"investment_timeseries_7843262","iShares S&P 500 UCITS ETF USD (Acc)","411.36","2022-03-20 02:00:00"
"investment_timeseries_7843264","iShares S&P 500 UCITS ETF USD (Acc)","421.95","2022-03-27 02:00:00"
"investment_timeseries_7843266","iShares S&P 500 UCITS ETF USD (Acc)","422.57","2022-04-03 03:00:00"
"investment_timeseries_7843268","iShares S&P 500 UCITS ETF USD (Acc)","421.01","2022-04-10 03:00:00"
"investment_timeseries_7843271","iShares S&P 500 UCITS ETF USD (Acc)","421.37","2022-04-17 03:00:00"
"investment_timeseries_7843274","iShares S&P 500 UCITS ETF USD (Acc)","408.09","2022-04-24 03:00:00"
"investment_timeseries_7843276","iShares S&P 500 UCITS ETF USD (Acc)","406.51","2022-05-01 03:00:00"
"investment_timeseries_7843278","iShares S&P 500 UCITS ETF USD (Acc)","395.05","2022-05-08 03:00:00"
"investment_timeseries_7843280","iShares S&P 500 UCITS ETF USD (Acc)","394.85","2022-05-15 03:00:00"
"investment_timeseries_7843282","iShares S&P 500 UCITS ETF USD (Acc)","378.98","2022-05-22 03:00:00"
"investment_timeseries_7843284","iShares S&P 500 UCITS ETF USD (Acc)","396.73","2022-05-29 03:00:00"
"investment_timeseries_7843286","iShares S&P 500 UCITS ETF USD (Acc)","395.46","2022-06-05 03:00:00"
"investment_timeseries_7843288","iShares S&P 500 UCITS ETF USD (Acc)","376.51","2022-06-12 03:00:00"
"investment_timeseries_7843291","iShares S&P 500 UCITS ETF USD (Acc)","378.58","2022-06-26 03:00:00"
"investment_timeseries_7843293","iShares S&P 500 UCITS ETF USD (Acc)","374.69","2022-07-03 03:00:00"
"investment_timeseries_7843295","iShares S&P 500 UCITS ETF USD (Acc)","394.33","2022-07-10 03:00:00"
"investment_timeseries_7843297","iShares S&P 500 UCITS ETF USD (Acc)","393.22","2022-07-17 03:00:00"
"investment_timeseries_7843299","iShares S&P 500 UCITS ETF USD (Acc)","399.44","2022-07-24 03:00:00"
"investment_timeseries_7843301","iShares S&P 500 UCITS ETF USD (Acc)","413.43","2022-07-31 03:00:00"
"investment_timeseries_7843303","iShares S&P 500 UCITS ETF USD (Acc)","418.07","2022-08-07 03:00:00"
"investment_timeseries_7843305","iShares S&P 500 UCITS ETF USD (Acc)","428.74","2022-08-14 03:00:00"
"investment_timeseries_7843307","iShares S&P 500 UCITS ETF USD (Acc)","432.03","2022-08-21 03:00:00"
"investment_timeseries_7843309","iShares S&P 500 UCITS ETF USD (Acc)","419.65","2022-08-28 03:00:00"
"investment_timeseries_7843311","iShares S&P 500 UCITS ETF USD (Acc)","410.31","2022-09-04 03:00:00"
"investment_timeseries_7843313","iShares S&P 500 UCITS ETF USD (Acc)","417.33","2022-09-11 03:00:00"
"investment_timeseries_7843315","iShares S&P 500 UCITS ETF USD (Acc)","397.04","2022-09-18 03:00:00"
"investment_timeseries_7843317","iShares S&P 500 UCITS ETF USD (Acc)","392.7","2022-09-25 03:00:00"
"investment_timeseries_7843319","iShares S&P 500 UCITS ETF USD (Acc)","384.58","2022-10-02 03:00:00"
"investment_timeseries_7843321","iShares S&P 500 UCITS ETF USD (Acc)","385.86","2022-10-09 03:00:00"
"investment_timeseries_7843323","iShares S&P 500 UCITS ETF USD (Acc)","384.98","2022-10-16 03:00:00"
"investment_timeseries_7843325","iShares S&P 500 UCITS ETF USD (Acc)","391.62","2022-10-23 03:00:00"
"investment_timeseries_7843327","iShares S&P 500 UCITS ETF USD (Acc)","402.6","2022-10-30 03:00:00"
"investment_timeseries_7843329","iShares S&P 500 UCITS ETF USD (Acc)","389.66","2022-11-06 02:00:00"
"investment_timeseries_7843331","iShares S&P 500 UCITS ETF USD (Acc)","396.94","2022-11-13 02:00:00"
"investment_timeseries_7843333","iShares S&P 500 UCITS ETF USD (Acc)","396.39","2022-11-20 02:00:00"
"investment_timeseries_7843335","iShares S&P 500 UCITS ETF USD (Acc)","398.65","2022-11-27 02:00:00"
"investment_timeseries_7843337","iShares S&P 500 UCITS ETF USD (Acc)","397.12","2022-12-04 02:00:00"
"investment_timeseries_7843339","iShares S&P 500 UCITS ETF USD (Acc)","388.52","2022-12-11 02:00:00"
"investment_timeseries_7843341","iShares S&P 500 UCITS ETF USD (Acc)","374.19","2022-12-18 02:00:00"
"investment_timeseries_7843343","iShares S&P 500 UCITS ETF USD (Acc)","372.9","2022-12-25 02:00:00"
"investment_timeseries_7843346","iShares S&P 500 UCITS ETF USD (Acc)","372.87","2023-01-01 02:00:00"
"investment_timeseries_7843348","iShares S&P 500 UCITS ETF USD (Acc)","377.49","2023-01-08 02:00:00"
"investment_timeseries_7843350","iShares S&P 500 UCITS ETF USD (Acc)","381.08","2023-01-15 02:00:00"
"investment_timeseries_7843352","iShares S&P 500 UCITS ETF USD (Acc)","376.72","2023-01-22 02:00:00"
"investment_timeseries_7843354","iShares S&P 500 UCITS ETF USD (Acc)","386.13","2023-01-29 02:00:00"
"investment_timeseries_7843356","iShares S&P 500 UCITS ETF USD (Acc)","397.55","2023-02-05 02:00:00"
"investment_timeseries_7843358","iShares S&P 500 UCITS ETF USD (Acc)","395.94","2023-02-12 02:00:00"
"investment_timeseries_7843360","iShares S&P 500 UCITS ETF USD (Acc)","394.34","2023-02-19 02:00:00"
"investment_timeseries_7843362","iShares S&P 500 UCITS ETF USD (Acc)","390.08","2023-02-26 02:00:00"
"investment_timeseries_7843364","iShares S&P 500 UCITS ETF USD (Acc)","393.61","2023-03-05 02:00:00"
"investment_timeseries_7843366","iShares S&P 500 UCITS ETF USD (Acc)","380.84","2023-03-12 02:00:00"
"investment_timeseries_7843368","iShares S&P 500 UCITS ETF USD (Acc)","380.14","2023-03-19 02:00:00"
"investment_timeseries_7843370","iShares S&P 500 UCITS ETF USD (Acc)","382.45","2023-03-26 02:00:00"
"investment_timeseries_7843372","iShares S&P 500 UCITS ETF USD (Acc)","391.9","2023-04-02 03:00:00"
"investment_timeseries_7843375","iShares S&P 500 UCITS ETF USD (Acc)","390.41","2023-04-09 03:00:00"
"investment_timeseries_7843378","iShares S&P 500 UCITS ETF USD (Acc)","391.21","2023-04-16 03:00:00"
"investment_timeseries_7843380","iShares S&P 500 UCITS ETF USD (Acc)","389.97","2023-04-23 03:00:00"
"investment_timeseries_7843382","iShares S&P 500 UCITS ETF USD (Acc)","391.98","2023-04-30 03:00:00"
"investment_timeseries_7843385","iShares S&P 500 UCITS ETF USD (Acc)","389.21","2023-05-07 03:00:00"
"investment_timeseries_7843387","iShares S&P 500 UCITS ETF USD (Acc)","394.98","2023-05-14 03:00:00"
"investment_timeseries_7843389","iShares S&P 500 UCITS ETF USD (Acc)","403.15","2023-05-21 03:00:00"
"investment_timeseries_7843391","iShares S&P 500 UCITS ETF USD (Acc)","408.33","2023-05-28 03:00:00"
"investment_timeseries_7843393","iShares S&P 500 UCITS ETF USD (Acc)","415.92","2023-06-04 03:00:00"
"investment_timeseries_7843395","iShares S&P 500 UCITS ETF USD (Acc)","417.1","2023-06-11 03:00:00"
"investment_timeseries_7843397","iShares S&P 500 UCITS ETF USD (Acc)","421.13","2023-06-18 03:00:00"
"investment_timeseries_7843399","iShares S&P 500 UCITS ETF USD (Acc)","415.58","2023-06-25 03:00:00"
"investment_timeseries_7843401","iShares S&P 500 UCITS ETF USD (Acc)","423.22","2023-07-02 03:00:00"
"investment_timeseries_7843408","iShares S&P 500 UCITS ETF USD (Acc)","418.59","2023-07-09 03:00:00"
"investment_timeseries_7843410","iShares S&P 500 UCITS ETF USD (Acc)","418.31","2023-07-16 03:00:00"
"investment_timeseries_7843412","iShares S&P 500 UCITS ETF USD (Acc)","425.66","2023-07-23 03:00:00"
"investment_timeseries_7843414","iShares S&P 500 UCITS ETF USD (Acc)","433.52","2023-07-30 03:00:00"
"investment_timeseries_7843416","iShares S&P 500 UCITS ETF USD (Acc)","427.43","2023-08-06 03:00:00"
"investment_timeseries_7843418","iShares S&P 500 UCITS ETF USD (Acc)","424.8","2023-08-13 03:00:00"
"investment_timeseries_7843420","iShares S&P 500 UCITS ETF USD (Acc)","419.11","2023-08-20 03:00:00"
"investment_timeseries_7843422","iShares S&P 500 UCITS ETF USD (Acc)","425.31","2023-08-27 03:00:00"
"investment_timeseries_7843424","iShares S&P 500 UCITS ETF USD (Acc)","436.92","2023-09-03 03:00:00"
"investment_timeseries_7843426","iShares S&P 500 UCITS ETF USD (Acc)","435.69","2023-09-10 03:00:00"
"investment_timeseries_7843428","iShares S&P 500 UCITS ETF USD (Acc)","436.89","2023-09-17 03:00:00"
"investment_timeseries_7843430","iShares S&P 500 UCITS ETF USD (Acc)","426.17","2023-09-24 03:00:00"
"investment_timeseries_7843432","iShares S&P 500 UCITS ETF USD (Acc)","426.35","2023-10-01 03:00:00"
"investment_timeseries_7843434","iShares S&P 500 UCITS ETF USD (Acc)","423.37","2023-10-08 03:00:00"
"investment_timeseries_7843436","iShares S&P 500 UCITS ETF USD (Acc)","431.4","2023-10-15 03:00:00"
"investment_timeseries_7843438","iShares S&P 500 UCITS ETF USD (Acc)","418.12","2023-10-22 03:00:00"
"investment_timeseries_7843440","iShares S&P 500 UCITS ETF USD (Acc)","410.06","2023-10-29 03:00:00"
"investment_timeseries_7843442","iShares S&P 500 UCITS ETF USD (Acc)","425.28","2023-11-05 02:00:00"
"investment_timeseries_7843444","iShares S&P 500 UCITS ETF USD (Acc)","429.97","2023-11-12 02:00:00"
"investment_timeseries_7843446","iShares S&P 500 UCITS ETF USD (Acc)","433.06","2023-11-19 02:00:00"
"investment_timeseries_7843448","iShares S&P 500 UCITS ETF USD (Acc)","435.9","2023-11-26 02:00:00"
"investment_timeseries_7843450","iShares S&P 500 UCITS ETF USD (Acc)","441.44","2023-12-03 02:00:00"
"investment_timeseries_7843452","iShares S&P 500 UCITS ETF USD (Acc)","447.76","2023-12-10 02:00:00"
"investment_timeseries_7843454","iShares S&P 500 UCITS ETF USD (Acc)","453.56","2023-12-17 02:00:00"
"investment_timeseries_7843456","iShares S&P 500 UCITS ETF USD (Acc)","453.3","2023-12-24 02:00:00"
"investment_timeseries_7843460","iShares S&P 500 UCITS ETF USD (Acc)","454.2","2023-12-31 02:00:00"
"investment_timeseries_7843463","iShares S&P 500 UCITS ETF USD (Acc)","450.35","2024-01-07 02:00:00"
"investment_timeseries_7843465","iShares S&P 500 UCITS ETF USD (Acc)","457.65","2024-01-14 02:00:00"
"investment_timeseries_7843467","iShares S&P 500 UCITS ETF USD (Acc)","465.04","2024-01-21 02:00:00"
"investment_timeseries_7843469","iShares S&P 500 UCITS ETF USD (Acc)","473.43","2024-01-28 02:00:00"
"investment_timeseries_7843471","iShares S&P 500 UCITS ETF USD (Acc)","481.56","2024-02-04 02:00:00"
